Division,Year,1_Average of Soil Temp. 005 cm ,1_Average of Soil Temp. 020 cm ,1_Average of Soil Temp. 050 cm ,1_Average of Soil Temp. 100 cm ,1_Average of Soil Moisture 005 cm ,1_Average of Soil Moisture 020 cm ,1_Average of Soil Moisture 050 cm ,1_Average of Soil Moisture 100 cm ,1_Average of Long Precipitation,1_Average of Precip. ,1_Average of Max Temperature,1_Average of Average Temperature,1_Average of Min Temperature,2_Average of Soil Temp. 005 cm ,2_Average of Soil Temp. 020 cm ,2_Average of Soil Temp. 050 cm ,2_Average of Soil Temp. 100 cm ,2_Average of Soil Moisture 005 cm ,2_Average of Soil Moisture 020 cm ,2_Average of Soil Moisture 050 cm ,2_Average of Soil Moisture 100 cm ,2_Average of Long Precipitation,2_Average of Precip. ,2_Average of Max Temperature,2_Average of Average Temperature,2_Average of Min Temperature,3_Average of Soil Temp. 005 cm ,3_Average of Soil Temp. 020 cm ,3_Average of Soil Temp. 050 cm ,3_Average of Soil Temp. 100 cm ,3_Average of Soil Moisture 005 cm ,3_Average of Soil Moisture 020 cm ,3_Average of Soil Moisture 050 cm ,3_Average of Soil Moisture 100 cm ,3_Average of Long Precipitation,3_Average of Precip. ,3_Average of Max Temperature,3_Average of Average Temperature,3_Average of Min Temperature,4_Average of Soil Temp. 005 cm ,4_Average of Soil Temp. 020 cm ,4_Average of Soil Temp. 050 cm ,4_Average of Soil Temp. 100 cm ,4_Average of Soil Moisture 005 cm ,4_Average of Soil Moisture 020 cm ,4_Average of Soil Moisture 050 cm ,4_Average of Soil Moisture 100 cm ,4_Average of Long Precipitation,4_Average of Precip. ,4_Average of Max Temperature,4_Average of Average Temperature,4_Average of Min Temperature,5_Average of Soil Temp. 005 cm ,5_Average of Soil Temp. 020 cm ,5_Average of Soil Temp. 050 cm ,5_Average of Soil Temp. 100 cm ,5_Average of Soil Moisture 005 cm ,5_Average of Soil Moisture 020 cm ,5_Average of Soil Moisture 050 cm ,5_Average of Soil Moisture 100 cm ,5_Average of Long Precipitation,5_Average of Precip. ,5_Average of Max Temperature,5_Average of Average Temperature,5_Average of Min Temperature,6_Average of Soil Temp. 005 cm ,6_Average of Soil Temp. 020 cm ,6_Average of Soil Temp. 050 cm ,6_Average of Soil Temp. 100 cm ,6_Average of Soil Moisture 005 cm ,6_Average of Soil Moisture 020 cm ,6_Average of Soil Moisture 050 cm ,6_Average of Soil Moisture 100 cm ,6_Average of Long Precipitation,6_Average of Precip. ,6_Average of Max Temperature,6_Average of Average Temperature,6_Average of Min Temperature,7_Average of Soil Temp. 005 cm ,7_Average of Soil Temp. 020 cm ,7_Average of Soil Temp. 050 cm ,7_Average of Soil Temp. 100 cm ,7_Average of Soil Moisture 005 cm ,7_Average of Soil Moisture 020 cm ,7_Average of Soil Moisture 050 cm ,7_Average of Soil Moisture 100 cm ,7_Average of Long Precipitation,7_Average of Precip. ,7_Average of Max Temperature,7_Average of Average Temperature,7_Average of Min Temperature,8_Average of Soil Temp. 005 cm ,8_Average of Soil Temp. 020 cm ,8_Average of Soil Temp. 050 cm ,8_Average of Soil Temp. 100 cm ,8_Average of Soil Moisture 005 cm ,8_Average of Soil Moisture 020 cm ,8_Average of Soil Moisture 050 cm ,8_Average of Soil Moisture 100 cm ,8_Average of Long Precipitation,8_Average of Precip. ,8_Average of Max Temperature,8_Average of Average Temperature,8_Average of Min Temperature,9_Average of Soil Temp. 005 cm ,9_Average of Soil Temp. 020 cm ,9_Average of Soil Temp. 050 cm ,9_Average of Soil Temp. 100 cm ,9_Average of Soil Moisture 005 cm ,9_Average of Soil Moisture 020 cm ,9_Average of Soil Moisture 050 cm ,9_Average of Soil Moisture 100 cm ,9_Average of Long Precipitation,9_Average of Precip. ,9_Average of Max Temperature,9_Average of Average Temperature,9_Average of Min Temperature,Soil Type,Yield
1,2005,,,,,,,,,,,,,,,,,,,,,,,,,,,,,,,,,,,,,,,,,,,,,,,,23.60,,12.40,5.45,-1.55,,,,,,,,,68.40,,18.25,11.05,3.95,,,,,,,,,144.25,,22.20,15.35,8.50,,,,,,,,,183.30,,27.15,19.20,11.15,,,,,,,,,220.65,,26.80,18.65,10.50,,,,,,,,,250.25,,20.80,13.10,5.45,,
1,2006,,,,,,,,,306.05,25.50,-3.55,-9.10,-14.65,,,,,,,,,315.20,33.60,-1.55,-7.35,-13.10,,,,,,,,,328.30,,4.70,-1.40,-7.50,,,,,,,,,351.90,,12.40,5.45,-1.55,,,,,,,,,396.70,,18.25,11.05,3.95,,,,,,,,,472.55,,22.20,15.35,8.50,,,,,,,,,511.60,,27.15,19.20,11.15,,,,,,,,,548.95,,26.80,18.65,10.50,,,,,,,,,578.55,,20.80,13.10,5.45,Brown Chernozemics,635.76
1,2007,,,,,,,,,634.35,,-3.55,-9.10,-14.65,,,,,,,,,643.50,,-1.55,-7.35,-13.10,,,,,,,,,656.60,,4.70,-1.40,-7.50,,,,,,,,,680.20,,12.40,5.45,-1.55,,,,,,,,,725.00,,18.25,11.05,3.95,,,,,,,,,800.85,,22.20,15.35,8.50,,,,,,,,,839.90,,27.15,19.20,11.15,,,,,,,,,877.25,,26.80,18.65,10.50,,,,,,,,,906.85,,20.80,13.10,5.45,Brown Chernozemics,575.14
1,2008,,,,,,,,,962.65,12.60,-3.55,-9.10,-14.65,,,,,,,,,972.15,10.30,-1.35,-7.15,-12.95,,,,,,,,,985.25,8.40,4.70,-1.40,-7.50,,,,,,,,,1008.85,28.20,12.40,5.45,-1.55,,,,,,,,,1053.65,,18.25,11.05,3.95,,,,,,,,,1129.50,,22.20,15.35,8.50,,,,,,,,,1168.55,,27.15,19.20,11.15,,,,,,,,,1205.90,,26.80,18.65,10.50,13.20,13.30,13.50,13.30,27.30,19.60,19.30,20.90,1235.50,33.75,20.80,13.10,5.45,Brown Chernozemics,698.91
1,2009,-5.20,-4.40,-2.70,-0.10,11.00,13.70,16.50,18.30,1291.30,18.20,-3.55,-9.10,-14.65,-4.10,-3.50,-2.30,-0.30,11.00,14.10,16.60,18.30,1300.45,6.05,-1.55,-7.35,-13.10,-1.70,-1.60,-1.30,0.00,20.60,20.90,17.10,18.30,1313.55,6.00,4.70,-1.40,-7.50,6.40,5.70,4.80,3.90,30.50,31.00,32.20,19.20,1337.15,9.10,12.40,5.45,-1.55,11.10,10.20,8.90,7.50,28.50,29.40,32.30,20.00,1381.95,31.75,18.25,11.05,3.95,15.80,14.90,13.50,11.60,28.80,26.20,29.10,21.30,1457.80,70.25,22.20,15.35,8.50,18.10,17.30,15.80,13.90,25.00,19.10,24.80,22.20,1496.85,57.85,27.15,19.20,11.15,18.00,17.50,16.50,14.90,25.70,18.50,23.90,22.40,1534.20,45.85,26.80,18.65,10.50,16.60,16.40,15.90,14.70,16.20,16.20,20.90,22.00,1563.80,17.05,20.80,13.10,5.45,Brown Chernozemics,659.30
1,2010,-2.90,-2.40,-0.90,1.20,17.90,16.80,19.70,19.30,1619.60,13.55,-3.55,-9.10,-14.65,-3.80,-3.50,-2.00,0.10,15.30,15.60,19.20,19.10,1628.75,3.20,-1.55,-7.35,-13.10,1.20,0.70,0.80,1.20,28.70,22.50,22.10,19.40,1641.85,7.45,4.70,-1.40,-7.50,6.60,6.20,5.70,4.80,29.60,26.80,29.30,20.20,1665.45,38.35,12.40,5.45,-1.55,9.20,8.70,8.20,7.30,33.80,33.00,34.00,21.00,44.80,100.70,18.25,11.05,3.95,14.10,13.10,11.80,10.30,32.60,31.90,34.20,30.80,120.65,96.80,22.20,15.35,8.50,20.05,19.00,17.30,14.75,27.45,26.80,30.50,27.15,159.70,48.85,27.15,19.20,11.15,18.95,18.55,17.60,16.00,25.35,21.20,23.20,25.30,197.05,56.90,26.80,18.65,10.50,12.10,12.40,12.80,13.15,27.05,19.05,20.45,23.20,226.65,31.60,20.80,13.10,5.45,Brown Chernozemics,605.01
1,2011,-2.95,-2.25,-1.05,1.20,17.25,15.55,16.80,20.05,282.45,34.75,-3.55,-9.10,-14.65,-2.00,-1.55,-0.30,1.15,19.80,15.65,16.65,19.90,291.60,7.60,-1.55,-7.35,-13.10,-2.65,-2.50,-1.55,0.00,24.80,17.30,16.50,19.80,304.70,13.00,4.70,-1.40,-7.50,3.15,2.50,1.95,1.80,33.30,33.05,24.10,25.05,328.30,18.55,12.40,5.45,-1.55,10.90,10.00,8.70,6.95,31.65,31.35,25.90,27.55,373.10,58.55,18.25,11.05,3.95,14.95,13.90,12.25,10.35,32.95,31.00,31.35,27.20,448.95,68.90,22.20,15.35,8.50,20.05,18.50,16.35,14.00,25.35,22.20,25.35,25.10,488.00,39.90,27.15,19.20,11.15,22.45,20.90,18.90,16.40,20.35,20.10,20.70,24.40,525.35,25.70,26.80,18.65,10.50,16.55,16.55,16.45,15.70,21.85,18.50,19.05,23.65,554.95,5.15,20.80,13.10,5.45,Brown Chernozemics,582.47
1,2012,-4.15,-3.05,-0.90,1.50,15.80,14.75,15.05,20.25,610.75,4.75,-3.55,-9.10,-14.65,-4.15,-3.25,-1.65,0.25,16.10,14.55,14.95,20.00,620.25,9.15,-1.35,-7.15,-12.95,1.40,1.00,0.60,1.30,24.15,19.60,16.20,20.30,633.35,11.35,4.70,-1.40,-7.50,7.80,7.15,6.00,4.95,28.50,25.00,23.75,23.30,656.95,30.95,12.40,5.45,-1.55,11.85,11.25,10.20,8.75,30.20,28.80,23.35,25.75,701.75,73.45,18.25,11.05,3.95,16.30,15.30,13.60,11.45,31.90,29.00,22.15,25.35,777.60,67.60,22.20,15.35,8.50,22.40,21.15,18.80,15.80,24.00,21.90,21.20,24.80,816.65,25.30,27.15,19.20,11.15,21.60,20.80,19.45,17.35,19.50,18.40,18.90,23.65,854.00,17.85,26.80,18.65,10.50,16.80,16.85,16.80,16.00,16.70,17.05,17.70,23.05,883.60,5.90,20.80,13.10,5.45,Brown Chernozemics,582.90
1,2013,-6.70,-5.40,-2.90,0.00,16.50,13.00,17.10,19.00,939.40,9.85,-3.55,-9.10,-14.65,-4.30,-4.00,-2.80,-0.80,18.90,13.20,17.10,18.80,948.55,4.45,-1.55,-7.35,-13.10,-1.70,-1.60,-0.80,0.40,25.70,15.00,17.50,19.10,961.65,5.15,4.70,-1.40,-7.50,4.70,4.20,3.30,2.80,32.60,22.50,18.50,19.70,985.25,22.40,12.40,5.45,-1.55,13.70,12.40,10.30,7.70,26.00,19.10,20.20,20.90,1030.05,41.50,18.25,11.05,3.95,17.70,16.50,14.20,11.30,25.30,17.10,20.80,21.60,1105.90,83.30,22.20,15.35,8.50,21.70,20.70,18.30,14.90,26.50,17.60,21.50,22.40,1144.95,69.15,27.15,19.20,11.15,20.60,19.90,18.10,15.60,24.50,16.90,21.10,22.30,1182.30,41.30,26.80,18.65,10.50,16.00,16.30,16.00,15.20,29.20,21.40,20.60,22.10,1211.90,87.30,20.80,13.10,5.45,Brown Chernozemics,612.40
1,2014,-4.00,-3.10,-1.20,1.20,18.20,14.70,17.90,19.50,1267.70,4.85,-3.55,-9.10,-14.65,-8.40,-7.20,-4.40,-1.10,12.80,12.80,17.10,19.10,1276.85,2.90,-1.55,-7.35,-13.10,-2.90,-2.90,-2.30,-0.90,20.90,14.40,17.50,19.20,1289.95,12.40,4.70,-1.40,-7.50,5.70,5.10,4.10,3.20,27.70,17.00,19.20,20.10,1313.55,29.15,12.40,5.45,-1.55,12.60,11.50,9.40,7.20,26.70,17.50,20.70,21.00,1358.35,30.50,18.25,11.05,3.95,16.10,15.30,13.50,10.90,28.90,17.80,20.80,21.80,1434.20,81.40,22.20,15.35,8.50,21.10,19.90,17.40,14.10,25.20,17.30,21.10,22.20,1473.25,17.85,27.15,19.20,11.15,20.20,19.60,18.00,15.50,27.80,19.40,20.60,22.20,1510.60,70.50,26.80,18.65,10.50,13.30,13.40,13.40,13.00,32.30,25.50,22.70,22.00,1540.20,38.65,20.80,13.10,5.45,Brown Chernozemics,594.06
1,2015,-3.80,-3.20,-1.50,1.00,19.00,14.70,19.00,19.90,1596.00,15.35,-3.55,-9.10,-14.65,-3.50,-2.70,-1.20,0.80,19.70,14.90,19.10,19.90,1605.15,8.15,-1.55,-7.35,-13.10,1.40,1.10,0.80,1.30,27.70,15.90,19.40,20.00,1618.25,15.70,4.70,-1.40,-7.50,8.30,7.70,6.50,5.20,28.70,17.90,20.70,20.90,1641.85,5.15,12.40,5.45,-1.55,,,,,,,,,1686.65,5.75,18.25,11.05,3.95,19.40,18.30,15.60,12.60,27.10,16.50,20.80,22.10,75.85,30.40,22.20,15.35,8.50,21.00,20.30,18.20,15.30,29.00,16.90,21.10,22.70,114.90,74.40,27.15,19.20,11.15,19.30,18.90,17.60,15.50,27.00,16.70,21.00,22.80,152.25,22.35,26.80,18.65,10.50,13.10,13.50,13.60,13.30,28.40,15.90,20.20,22.40,181.85,44.50,20.80,13.10,5.45,Brown Chernozemics,591.95
2,2005,,,,,,,,,,,,,,,,,,,,,,,,,,,,,,,,,,,,,,,,,,,,,,,,29.86,,11.96,5.14,-1.66,,,,,,,,,84.62,,17.54,10.56,3.56,,,,,,,,,176.48,,21.16,14.46,7.74,,,,,,,,,214.24,,25.72,17.88,9.98,,,,,,,,,248.40,,25.62,17.38,9.14,,,,,,,,,282.76,,20.26,12.56,4.88,,
2,2006,,,,,,,,,344.80,,-0.64,-6.52,-12.40,,,,,,,,,356.00,,0.94,-5.20,-11.34,,,,,,,,,372.92,,5.66,-0.66,-7.00,,,,,,,,,402.78,,11.96,5.14,-1.66,,,,,,,,,457.54,,17.54,10.56,3.56,,,,,,,,,549.40,,21.16,14.46,7.74,,,,,,,,,587.16,,25.72,17.88,9.98,,,,,,,,,621.32,,25.62,17.38,9.14,,,,,,,,,655.68,,20.26,12.56,4.88,Black Chernozemics,747.20
2,2007,,,,,,,,,717.72,,-0.64,-6.52,-12.40,,,,,,,,,728.92,,0.94,-5.20,-11.34,,,,,,,,,745.84,,5.66,-0.66,-7.00,,,,,,,,,775.70,,11.96,5.14,-1.66,,,,,,,,,830.46,,17.54,10.56,3.56,,,,,,,,,922.32,,21.16,14.46,7.74,,,,,,,,,960.08,,25.72,17.88,9.98,,,,,,,,,994.24,,25.62,17.38,9.14,,,,,,,,,1028.60,,20.26,12.56,4.88,Black Chernozemics,717.00
2,2008,,,,,,,,,1090.64,,-0.64,-6.52,-12.40,,,,,,,,,1101.92,,1.14,-5.02,-11.20,,,,,,,,,1118.84,,5.66,-0.66,-7.00,,,,,,,,,1148.70,,11.96,5.14,-1.66,,,,,,,,,1203.46,,17.54,10.56,3.56,,,,,,,,,1295.32,,21.16,14.46,7.74,,,,,,,,,1333.08,,25.72,17.88,9.98,,,,,,,,,1367.24,,25.62,17.38,9.14,13.08,13.50,13.62,13.82,22.70,20.84,17.74,25.06,1401.60,49.64,20.26,12.56,4.88,Black Chernozemics,782.82
2,2009,-5.33,-4.13,-2.73,0.55,10.40,14.23,13.48,20.23,1463.64,4.86,-0.64,-6.52,-12.40,-2.82,-2.00,-1.16,0.88,13.64,16.12,15.80,23.42,1474.84,8.98,0.94,-5.20,-11.34,-1.00,-0.66,-0.38,1.10,21.56,20.30,16.44,23.54,1491.76,12.72,5.66,-0.66,-7.00,6.40,6.02,5.22,4.54,23.12,26.54,19.12,24.40,1521.62,19.12,11.96,5.14,-1.66,12.64,11.34,9.58,7.88,19.26,23.34,21.62,26.16,1576.38,21.40,17.54,10.56,3.56,18.18,17.10,15.24,12.58,18.60,20.68,19.40,26.20,1668.24,45.04,21.16,14.46,7.74,20.80,19.82,18.00,15.20,17.54,20.36,18.26,25.48,1706.00,57.48,25.72,17.88,9.98,18.20,17.86,16.98,15.58,20.16,23.40,18.38,25.28,1740.16,55.82,25.62,17.38,9.14,16.40,16.46,16.00,15.18,12.58,18.30,17.70,25.22,1774.52,8.14,20.26,12.56,4.88,Black Chernozemics,796.75
2,2010,-3.44,-2.74,-1.68,1.04,15.84,17.60,14.82,23.20,1836.56,9.76,-0.64,-6.52,-12.40,-3.05,-2.53,-1.80,0.60,13.20,15.55,13.23,19.93,1847.76,4.48,0.94,-5.20,-11.34,2.34,2.26,2.04,2.62,28.00,27.28,17.76,23.78,1864.68,4.68,5.66,-0.66,-7.00,6.48,6.36,5.80,5.42,24.80,29.28,23.04,24.30,1894.54,61.26,11.96,5.14,-1.66,10.00,9.56,8.76,8.02,25.72,31.30,29.48,29.64,54.76,101.14,17.54,10.56,3.56,15.50,14.43,12.90,11.38,23.73,31.65,30.00,31.85,146.62,103.50,21.16,14.46,7.74,19.32,18.40,16.88,14.98,19.02,25.02,25.76,32.22,184.38,40.08,25.72,17.88,9.98,18.40,18.25,17.25,15.40,21.30,22.20,25.55,32.58,218.54,53.82,25.62,17.38,9.14,11.62,12.34,12.72,13.58,23.92,22.62,22.02,28.06,252.90,44.06,20.26,12.56,4.88,Black Chernozemics,575.34
2,2011,-3.85,-2.55,-1.45,1.88,11.63,15.95,16.38,23.23,314.94,11.70,-0.64,-6.52,-12.40,-3.16,-2.12,-1.10,1.54,14.68,17.32,19.90,25.58,326.14,13.22,0.94,-5.20,-11.34,-1.88,-1.70,-1.30,0.84,22.22,22.90,20.70,25.06,343.06,18.22,5.66,-0.66,-7.00,3.76,3.48,2.84,3.32,30.64,33.42,30.02,28.22,372.92,55.06,11.96,5.14,-1.66,11.12,10.34,9.02,8.32,26.92,31.32,30.48,32.92,427.68,84.36,17.54,10.56,3.56,15.50,14.53,13.03,11.45,28.73,32.20,32.33,35.95,519.54,89.42,21.16,14.46,7.74,19.80,18.72,17.02,16.10,18.34,23.82,23.82,31.24,557.30,40.18,25.72,17.88,9.98,20.32,19.56,17.96,17.42,14.60,20.42,20.50,27.34,591.46,20.46,25.62,17.38,9.14,15.94,16.08,15.78,16.42,13.46,18.98,18.96,26.48,625.82,9.28,20.26,12.56,4.88,Black Chernozemics,744.67
2,2012,-1.74,-0.76,0.30,3.48,15.12,21.78,21.54,25.56,687.86,4.66,-0.64,-6.52,-12.40,-2.28,-1.54,-0.70,2.28,13.98,19.14,20.30,25.46,699.14,7.14,1.14,-5.02,-11.20,1.12,0.66,0.52,2.54,21.04,24.08,21.36,25.54,716.06,10.94,5.66,-0.66,-7.00,7.84,7.26,6.20,6.20,24.36,29.96,25.08,26.08,745.92,41.92,11.96,5.14,-1.66,12.25,11.75,10.70,10.78,20.95,27.60,23.88,24.65,800.68,51.92,17.54,10.56,3.56,16.46,15.66,14.18,13.42,26.28,29.38,24.96,27.34,892.54,114.90,21.16,14.46,7.74,21.90,20.62,18.74,17.26,17.84,23.80,22.96,26.88,930.30,33.28,25.72,17.88,9.98,20.72,20.18,18.96,18.42,14.84,19.88,19.54,26.18,964.46,20.80,25.62,17.38,9.14,16.22,16.28,16.06,16.70,12.36,18.24,18.18,25.64,998.82,4.62,20.26,12.56,4.88,Black Chernozemics,712.30
2,2013,-3.54,-2.94,-1.70,2.14,13.48,17.24,16.54,23.98,1060.86,5.72,-0.64,-6.52,-12.40,-1.50,-1.38,-0.78,2.12,15.10,18.24,16.94,24.00,1072.06,4.34,0.94,-5.20,-11.34,0.36,0.26,0.48,2.84,23.56,21.60,18.32,24.16,1088.98,11.68,5.66,-0.66,-7.00,5.18,4.80,4.28,5.18,26.40,28.30,21.22,24.56,1118.84,18.64,11.96,5.14,-1.66,13.96,12.70,10.96,10.16,19.44,24.48,21.46,25.18,1173.60,55.22,17.54,10.56,3.56,17.84,16.72,14.98,14.04,23.88,28.32,21.96,25.72,1265.46,121.12,21.16,14.46,7.74,22.06,20.84,18.94,17.76,18.84,22.88,21.76,26.06,1303.22,52.58,25.72,17.88,9.98,21.63,20.58,18.95,16.80,17.33,20.13,22.28,29.33,1337.38,31.86,25.62,17.38,9.14,16.20,16.36,16.36,17.58,18.60,22.40,18.78,25.70,1371.74,52.36,20.26,12.56,4.88,Black Chernozemics,746.70
2,2014,-1.60,-1.10,0.00,2.30,17.33,20.35,20.43,27.33,1433.78,14.98,-0.64,-6.52,-12.40,-4.67,-3.87,-2.47,0.60,14.77,15.90,15.13,24.47,1444.98,4.92,0.94,-5.20,-11.34,-1.27,-1.47,-1.43,0.37,23.27,20.53,15.87,24.40,1461.90,15.36,5.66,-0.66,-7.00,5.97,5.27,4.17,3.83,28.03,28.70,22.00,24.90,1491.76,28.44,11.96,5.14,-1.66,13.25,11.80,9.90,8.00,24.10,27.98,25.73,28.30,1546.52,48.36,17.54,10.56,3.56,17.20,16.03,14.20,12.13,23.58,26.40,27.10,30.00,1638.38,138.74,21.16,14.46,7.74,22.63,20.75,18.28,15.53,18.40,23.65,27.00,31.58,1676.14,17.00,25.72,17.88,9.98,21.10,20.17,18.87,16.93,19.43,21.43,22.03,27.43,1710.30,53.56,25.62,17.38,9.14,13.73,13.63,13.60,13.77,22.27,26.80,25.07,26.93,1744.66,60.40,20.26,12.56,4.88,Black Chernozemics,679.91
2,2015,-1.53,-1.25,0.00,2.38,19.05,22.15,23.10,28.73,1806.70,13.26,-0.64,-6.52,-12.40,0.10,0.18,0.73,2.28,24.50,26.58,24.38,28.80,1817.90,5.70,0.94,-5.20,-11.34,2.85,2.15,2.00,2.78,26.88,29.10,25.63,29.15,1834.82,20.80,5.66,-0.66,-7.00,8.95,7.93,6.85,6.10,23.08,29.35,26.85,32.10,1864.68,13.72,11.96,5.14,-1.66,14.48,12.95,11.25,9.70,16.68,21.40,24.88,32.03,1919.44,31.28,17.54,10.56,3.56,21.30,19.00,16.28,13.38,16.30,19.98,23.13,30.18,91.86,26.00,21.16,14.46,7.74,22.65,20.98,19.03,16.28,18.18,19.58,22.13,29.45,129.62,45.80,25.72,17.88,9.98,21.35,20.05,18.85,16.83,13.65,18.90,21.80,29.25,163.78,20.68,25.62,17.38,9.14,14.03,13.80,14.30,14.25,21.70,22.28,21.13,28.88,198.14,50.72,20.26,12.56,4.88,Black Chernozemics,727.96
3,2005,,,,,,,,,,,,,,,,,,,,,,,,,,,,,,,,,,,,,,,,,,,,,,,,38.30,,10.50,4.30,-1.80,,,,,,,,,106.10,,15.70,9.30,2.90,,,,,,,,,206.20,,19.30,13.00,6.70,,,,,,,,,251.50,,24.10,16.60,9.00,,,,,,,,,290.90,,24.10,16.30,8.40,,,,,,,,,330.80,,18.80,11.80,4.70,,
3,2006,,,,,,,,,417.80,,0.20,-5.20,-10.70,,,,,,,,,435.40,,1.10,-4.50,-10.20,,,,,,,,,461.20,,5.00,-0.80,-6.60,,,,,,,,,499.50,,10.50,4.30,-1.80,,,,,,,,,567.30,,15.70,9.30,2.90,,,,,,,,,667.40,,19.30,13.00,6.70,,,,,,,,,712.70,,24.10,16.60,9.00,,,,,,,,,752.10,,24.10,16.30,8.40,,,,,,,,,792.00,,18.80,11.80,4.70,Black Chernozemics,302.04
3,2007,,,,,,,,,879.00,,0.20,-5.20,-10.70,,,,,,,,,896.60,,1.10,-4.50,-10.20,,,,,,,,,922.40,,5.00,-0.80,-6.60,,,,,,,,,960.70,,10.50,4.30,-1.80,,,,,,,,,1028.50,,15.70,9.30,2.90,,,,,,,,,1128.60,,19.30,13.00,6.70,,,,,,,,,1173.90,,24.10,16.60,9.00,,,,,,,,,1213.30,,24.10,16.30,8.40,,,,,,,,,1253.20,,18.80,11.80,4.70,Black Chernozemics,238.40
3,2008,,,,,,,,,1340.20,,0.20,-5.20,-10.70,,,,,,,,,1357.80,,1.30,-4.40,-10.00,,,,,,,,,1383.60,,5.00,-0.80,-6.60,,,,,,,,,1421.90,,10.50,4.30,-1.80,,,,,,,,,1489.70,,15.70,9.30,2.90,,,,,,,,,1589.80,,19.30,13.00,6.70,,,,,,,,,1635.10,,24.10,16.60,9.00,,,,,,,,,1674.50,,24.10,16.30,8.40,12.90,13.10,13.10,12.80,21.30,24.50,32.20,38.70,1714.40,45.90,18.80,11.80,4.70,Black Chernozemics,299.73
3,2009,-2.00,-1.10,0.60,2.50,15.60,21.70,29.90,37.80,1801.40,11.80,0.20,-5.20,-10.70,-1.80,-1.10,0.20,1.90,16.70,23.00,30.20,37.80,1819.00,13.00,1.10,-4.50,-10.20,-1.00,-0.60,0.30,1.60,24.30,23.90,30.70,37.80,1844.80,31.30,5.00,-0.80,-6.60,4.20,3.80,3.50,3.30,27.00,34.80,32.00,37.90,1883.10,21.70,10.50,4.30,-1.80,9.70,8.50,7.20,5.90,24.30,35.00,37.30,38.20,1950.90,26.50,15.70,9.30,2.90,15.00,13.80,12.00,9.90,22.10,30.50,36.80,38.50,2051.00,52.70,19.30,13.00,6.70,18.40,17.10,15.20,12.70,21.60,32.30,36.80,38.60,2096.30,122.30,24.10,16.60,9.00,17.00,16.40,15.50,13.90,24.90,32.70,37.60,38.70,2135.70,37.30,24.10,16.30,8.40,14.80,14.80,14.40,13.50,16.40,26.30,35.80,38.60,2175.60,12.70,18.80,11.80,4.70,Black Chernozemics,254.88
3,2010,,,,,,,,,2262.60,15.90,0.20,-5.20,-10.70,-0.80,-0.30,0.50,1.70,20.90,34.10,38.40,38.60,2280.20,5.20,1.10,-4.50,-10.20,0.30,0.10,0.60,1.60,31.70,35.90,38.40,38.70,2306.00,7.60,5.00,-0.80,-6.60,4.90,4.30,3.50,3.10,28.70,36.50,38.80,38.90,2344.30,75.90,10.50,4.30,-1.80,8.90,8.20,7.10,6.00,27.50,37.00,39.10,39.20,67.80,90.20,15.70,9.30,2.90,14.00,12.50,10.60,8.80,27.90,37.20,39.50,39.50,167.90,67.90,19.30,13.00,6.70,17.10,15.80,14.00,11.90,24.40,35.30,39.20,39.50,213.20,94.40,24.10,16.60,9.00,16.90,16.30,15.30,13.60,23.10,35.00,39.10,39.50,252.60,58.10,24.10,16.30,8.40,11.40,11.60,11.90,12.00,27.20,32.80,38.50,39.30,292.50,42.70,18.80,11.80,4.70,Black Chernozemics,179.14
3,2011,-2.70,-1.70,0.10,2.10,14.10,23.30,36.70,38.60,379.50,17.30,0.20,-5.20,-10.70,-2.70,-1.70,-0.30,1.40,14.40,23.10,36.10,38.60,397.10,22.90,1.10,-4.50,-10.20,-1.50,-1.50,-0.70,0.70,29.20,25.30,33.00,38.60,422.90,14.60,5.00,-0.80,-6.60,1.80,1.10,0.40,1.00,33.50,38.50,37.50,38.70,461.20,43.30,10.50,4.30,-1.80,9.50,8.00,6.30,4.70,29.20,37.30,39.00,39.00,529.00,112.30,15.70,9.30,2.90,14.10,12.70,10.90,8.80,42.40,39.20,40.00,39.50,629.10,63.70,19.30,13.00,6.70,17.70,16.20,14.30,12.00,20.30,35.20,39.50,39.60,674.40,20.90,24.10,16.60,9.00,17.90,16.70,15.10,13.30,16.70,25.80,37.00,39.50,713.80,31.20,24.10,16.30,8.40,14.50,14.20,13.80,13.10,15.80,23.80,33.90,39.40,753.70,14.50,18.80,11.80,4.70,Black Chernozemics,293.64
3,2012,-0.90,0.20,1.50,3.00,16.60,31.30,36.80,38.70,840.70,8.20,0.20,-5.20,-10.70,-1.20,-0.50,0.60,2.10,15.60,28.00,36.60,38.70,858.30,5.20,1.30,-4.40,-10.00,0.20,0.00,0.70,1.70,20.60,30.80,36.60,38.70,884.10,20.70,5.00,-0.80,-6.60,6.00,5.10,4.20,3.60,26.10,34.50,37.40,38.80,922.40,41.90,10.50,4.30,-1.80,10.40,9.40,8.20,6.90,24.30,34.40,38.00,39.00,990.20,40.10,15.70,9.30,2.90,14.30,12.90,11.30,9.50,26.10,33.80,37.90,39.20,1090.30,87.60,19.30,13.00,6.70,19.10,17.30,15.20,12.70,19.50,31.60,37.70,39.40,1135.60,51.50,24.10,16.60,9.00,18.30,17.20,15.80,14.10,16.20,24.60,34.30,39.40,1175.00,18.70,24.10,16.30,8.40,14.70,14.40,13.90,13.20,14.90,22.60,32.10,39.30,1214.90,4.60,18.80,11.80,4.70,Black Chernozemics,195.30
3,2013,-2.30,-1.50,0.30,2.20,15.10,21.30,30.20,38.50,1301.90,5.50,0.20,-5.20,-10.70,-1.00,-0.50,0.60,2.00,16.70,21.90,30.50,38.50,1319.50,6.30,1.10,-4.50,-10.20,0.40,0.50,1.20,2.10,26.10,28.10,30.80,38.50,1345.30,17.00,5.00,-0.80,-6.60,4.40,4.00,3.80,3.60,27.60,33.00,31.70,38.60,1383.60,29.10,10.50,4.30,-1.80,10.50,9.40,8.00,6.50,25.10,33.50,35.70,38.80,1451.40,66.90,15.70,9.30,2.90,14.70,13.50,11.90,9.90,31.70,36.20,38.00,39.20,1551.50,125.50,19.30,13.00,6.70,18.10,17.00,15.30,13.00,24.00,35.70,39.40,39.60,1596.80,25.80,24.10,16.60,9.00,17.30,16.60,15.60,14.00,26.40,36.10,39.30,39.70,1636.20,90.30,24.10,16.30,8.40,14.00,14.10,14.20,13.70,25.90,34.10,38.70,39.60,1676.10,70.50,18.80,11.80,4.70,Black Chernozemics,252.10
3,2014,-0.40,0.30,1.60,3.10,20.50,34.40,38.10,38.80,1763.10,17.90,0.20,-5.20,-10.70,-1.40,-0.40,0.90,2.30,17.30,30.90,37.90,38.80,1780.70,8.30,1.10,-4.50,-10.20,-0.80,-0.60,0.40,1.70,30.60,28.30,37.70,38.70,1806.50,24.60,5.00,-0.80,-6.60,3.00,2.50,2.10,2.30,33.50,36.60,38.60,38.80,1844.80,25.90,10.50,4.30,-1.80,9.20,8.10,6.70,5.40,28.20,36.40,38.90,39.10,1912.60,41.20,15.70,9.30,2.90,14.20,12.90,11.10,9.10,32.30,36.60,39.10,39.40,2012.70,161.70,19.30,13.00,6.70,18.60,17.40,15.50,13.00,31.50,37.90,39.70,39.70,2058.00,8.80,24.10,16.60,9.00,17.10,16.40,15.40,13.90,23.70,32.10,38.80,39.60,2097.40,67.20,24.10,16.30,8.40,12.30,12.40,12.60,12.40,27.10,35.90,38.90,39.50,2137.30,66.30,18.80,11.80,4.70,Black Chernozemics,228.72
3,2015,-0.60,0.10,1.50,3.20,21.50,35.40,38.50,38.90,2224.30,6.40,0.20,-5.20,-10.70,0.10,0.60,1.50,2.60,27.50,35.70,38.50,38.90,2241.90,7.70,1.10,-4.50,-10.20,2.20,2.10,2.30,2.80,30.00,36.30,38.70,38.90,2267.70,43.90,5.00,-0.80,-6.60,5.90,5.30,4.90,4.50,27.10,36.30,38.80,39.10,2306.00,9.70,10.50,4.30,-1.80,10.10,9.10,8.00,6.80,22.90,34.60,38.70,39.20,2373.80,42.80,15.70,9.30,2.90,16.20,14.70,12.60,10.30,23.50,33.70,38.80,39.40,100.10,44.60,19.30,13.00,6.70,17.70,16.70,15.00,12.90,23.80,27.40,38.10,39.50,145.40,57.00,24.10,16.60,9.00,16.90,16.20,15.10,13.70,19.60,25.60,37.20,39.50,184.80,24.30,24.10,16.30,8.40,12.00,12.10,12.40,12.30,25.20,27.40,36.70,39.40,224.70,48.80,18.80,11.80,4.70,Black Chernozemics,259.88
4,2005,,,,,,,,,,,,,,,,,,,,,,,,,,,,,,,,,,,,,,,,,,,,,,,,19.93,,11.17,4.30,-2.47,,,,,,,,,61.53,,17.67,10.53,3.40,,,,,,,,,137.80,,21.17,14.60,8.03,,,,,,,,,194.13,,24.83,17.50,10.17,,,,,,,,,241.90,,24.43,16.83,9.17,,,,,,,,,270.60,,19.13,11.73,4.30,,
4,2006,,,,,,,,,314.43,,-5.73,-11.17,-16.60,,,,,,,,,321.43,,-3.73,-9.30,-14.90,,,,,,,,,333.40,,2.33,-3.43,-9.17,,,,,,,,,353.33,,11.17,4.30,-2.47,,,,,,,,,394.93,,17.67,10.53,3.40,,,,,,,,,471.20,,21.17,14.60,8.03,,,,,,,,,527.53,,24.83,17.50,10.17,,,,,,,,,575.30,,24.43,16.83,9.17,,,,,,,,,604.00,,19.13,11.73,4.30,Brown Chernozemics,443.40
4,2007,,,,,,,,,647.83,,-5.73,-11.17,-16.60,,,,,,,,,654.83,,-3.73,-9.30,-14.90,,,,,,,,,666.80,,2.33,-3.43,-9.17,,,,,,,,,686.73,,11.17,4.30,-2.47,,,,,,,,,728.33,,17.67,10.53,3.40,,,,,,,,,804.60,,21.17,14.60,8.03,,,,,,,,,860.93,,24.83,17.50,10.17,,,,,,,,,908.70,,24.43,16.83,9.17,,,,,,,,,937.40,,19.13,11.73,4.30,Brown Chernozemics,348.81
4,2008,,,,,,,,,981.23,,-5.73,-11.17,-16.60,,,,,,,,,988.40,,-3.53,-9.17,-14.77,,,,,,,,,1000.37,,2.33,-3.43,-9.17,,,,,,,,,1020.30,,11.17,4.30,-2.47,,,,,,,,,1061.90,,17.67,10.53,3.40,,,,,,,,,1138.17,,21.17,14.60,8.03,,,,,,,,,1194.50,,24.83,17.50,10.17,,,,,,,,,1242.27,,24.43,16.83,9.17,11.53,11.57,11.53,11.30,20.00,17.83,20.37,29.33,1270.97,10.13,19.13,11.73,4.30,Brown Chernozemics,467.45
4,2009,-6.70,-5.53,-3.60,-0.73,12.57,14.00,16.40,28.20,1314.80,3.30,-5.73,-11.17,-16.60,-5.47,-4.57,-3.37,-1.27,12.87,14.17,16.13,28.03,1321.80,8.07,-3.73,-9.30,-14.90,-4.07,-3.73,-3.00,-1.50,13.70,14.43,16.23,27.73,1333.77,8.77,2.33,-3.43,-9.17,3.93,2.87,1.70,0.57,20.80,15.87,18.37,28.37,1353.70,4.37,11.17,4.30,-2.47,10.17,8.30,6.33,4.23,17.17,16.20,19.30,28.70,1395.30,10.40,17.67,10.53,3.40,15.50,13.73,11.37,8.33,19.50,16.33,19.40,28.90,1471.57,51.57,21.17,14.60,8.03,18.03,16.47,14.23,11.23,19.73,16.23,19.47,28.97,1527.90,51.73,24.83,17.50,10.17,16.47,15.73,14.53,12.50,26.20,21.83,23.10,29.13,1575.67,98.87,24.43,16.83,9.17,14.17,14.00,13.50,12.43,16.33,17.47,23.33,29.10,1604.37,9.03,19.13,11.73,4.30,Brown Chernozemics,379.56
4,2010,-5.35,-4.65,-3.55,-0.80,12.70,12.50,12.10,26.05,1648.20,3.83,-5.73,-11.17,-16.60,-4.80,-4.25,-3.40,-1.10,12.60,12.45,11.85,26.00,1655.20,3.73,-3.73,-9.30,-14.90,0.30,-0.10,-0.37,0.00,25.27,18.53,18.27,28.20,1667.17,3.37,2.33,-3.43,-9.17,4.83,4.27,3.43,2.43,29.60,24.00,19.97,28.40,1687.10,51.90,11.17,4.30,-2.47,8.80,7.93,6.90,5.37,28.60,27.47,29.70,29.07,41.60,58.77,17.67,10.53,3.40,14.10,12.67,10.87,8.67,30.37,28.73,31.33,31.13,117.87,95.33,21.17,14.60,8.03,17.30,16.00,14.23,12.00,24.30,22.40,28.47,32.83,174.20,71.77,24.83,17.50,10.17,16.37,15.77,14.90,13.23,22.30,19.83,25.67,32.53,221.97,51.90,24.43,16.83,9.17,10.40,10.70,11.03,11.17,27.53,21.97,25.17,32.27,250.67,42.03,19.13,11.73,4.30,Brown Chernozemics,397.25
4,2011,-3.30,-2.50,-1.60,0.70,13.10,14.10,16.25,29.50,294.50,16.30,-5.73,-11.17,-16.60,-4.27,-3.17,-1.83,0.07,14.67,16.17,19.37,31.20,301.50,2.00,-3.73,-9.30,-14.90,-3.50,-3.07,-2.33,-0.80,15.07,16.10,17.60,29.13,313.47,10.30,2.33,-3.43,-9.17,1.57,0.70,0.13,-0.10,29.47,25.53,26.53,29.93,333.40,15.23,11.17,4.30,-2.47,8.67,7.27,5.83,3.83,29.27,27.80,29.93,31.70,375.00,36.30,17.67,10.53,3.40,13.80,12.37,10.67,8.27,30.83,28.20,30.27,32.60,451.27,78.57,21.17,14.60,8.03,18.05,16.35,14.45,12.25,22.50,23.65,26.85,36.65,507.60,71.27,24.83,17.50,10.17,17.07,16.10,14.87,13.07,19.00,21.13,25.40,32.23,555.37,32.83,24.43,16.83,9.17,13.03,12.93,12.70,12.07,20.00,18.70,20.57,31.97,584.07,17.27,19.13,11.73,4.30,Brown Chernozemics,396.98
4,2012,-4.27,-2.87,-1.30,1.10,14.50,15.90,18.10,31.17,627.90,3.00,-5.73,-11.17,-16.60,-4.13,-3.23,-2.10,-0.20,14.00,15.40,16.20,30.50,635.07,6.23,-3.53,-9.17,-14.77,-0.57,-0.73,-0.80,-0.10,22.67,16.80,17.53,30.30,647.03,17.23,2.33,-3.43,-9.17,4.00,3.23,2.63,1.67,30.37,21.33,21.43,31.13,666.97,37.20,11.17,4.30,-2.47,9.47,8.50,7.47,5.53,27.43,26.87,25.93,31.47,708.57,49.93,17.67,10.53,3.40,14.23,12.93,11.47,8.90,27.67,25.57,25.90,31.47,784.83,127.33,21.17,14.60,8.03,18.47,17.10,15.50,12.60,24.07,23.70,26.40,32.13,841.17,58.80,24.83,17.50,10.17,17.50,16.80,15.90,13.87,21.73,19.17,22.43,31.47,888.93,43.03,24.43,16.83,9.17,13.17,13.13,13.07,12.47,16.80,17.60,19.30,30.83,917.63,12.57,19.13,11.73,4.30,Brown Chernozemics,405.20
4,2013,-3.70,-2.93,-1.57,0.70,16.40,16.90,17.07,29.93,961.47,5.27,-5.73,-11.17,-16.60,-3.37,-2.97,-2.07,-0.20,16.07,16.40,16.10,29.57,968.47,2.03,-3.73,-9.30,-14.90,-3.00,-2.63,-1.93,-0.40,16.30,16.50,16.23,29.40,980.43,6.17,2.33,-3.43,-9.17,0.93,0.40,0.03,0.17,32.67,25.87,22.80,29.73,1000.37,19.20,11.17,4.30,-2.47,9.77,8.27,6.90,4.57,28.73,27.53,28.93,30.33,1041.97,40.40,17.67,10.53,3.40,14.43,13.07,11.53,8.87,30.83,28.43,28.93,30.63,1118.23,92.93,21.17,14.60,8.03,17.57,16.43,15.03,12.37,26.50,24.37,27.07,30.83,1174.57,55.43,24.83,17.50,10.17,17.37,16.47,15.33,13.33,21.00,21.20,24.73,30.67,1222.33,23.13,24.43,16.83,9.17,14.50,14.50,14.20,13.45,16.67,18.20,21.33,30.03,1251.03,9.63,19.13,11.73,4.30,Brown Chernozemics,457.90
4,2014,-4.33,-3.30,-2.03,0.23,14.13,15.03,17.13,28.97,1294.87,3.87,-5.73,-11.17,-16.60,-8.07,-6.57,-4.37,-1.20,12.60,13.87,15.23,28.23,1301.87,3.00,-3.73,-9.30,-14.90,-4.17,-3.83,-3.13,-1.73,15.27,14.73,15.60,27.67,1313.83,12.20,2.33,-3.43,-9.17,2.03,1.17,0.33,-0.17,23.77,16.93,17.77,28.50,1333.77,20.80,11.17,4.30,-2.47,8.27,6.93,5.57,3.13,30.20,24.87,26.10,29.30,1375.37,49.13,17.67,10.53,3.40,13.37,12.03,10.37,7.77,25.87,24.57,26.83,29.57,1451.63,77.67,21.17,14.60,8.03,17.83,16.27,14.40,11.43,23.23,21.90,25.33,29.53,1507.97,59.63,24.83,17.50,10.17,17.50,16.77,15.53,13.40,27.93,25.23,26.80,29.73,1555.73,95.57,24.43,16.83,9.17,11.87,12.00,11.93,11.50,29.27,27.40,26.40,31.03,1584.43,41.57,19.13,11.73,4.30,Brown Chernozemics,363.82
4,2015,-3.80,-2.87,-1.63,0.57,16.47,17.10,20.17,30.13,1628.27,8.13,-5.73,-11.17,-16.60,-3.80,-3.07,-2.07,-0.27,16.43,16.83,18.17,29.43,1635.27,7.40,-3.73,-9.30,-14.90,-1.20,-1.47,-1.43,-0.53,24.67,19.07,18.90,29.30,1647.23,9.83,2.33,-3.43,-9.17,3.40,2.23,1.20,0.57,31.80,28.17,28.70,30.53,1667.17,6.93,11.17,4.30,-2.47,10.07,8.63,7.27,5.07,21.27,24.87,28.30,31.77,1708.77,8.50,17.67,10.53,3.40,16.80,14.60,12.30,9.85,17.57,18.53,24.40,31.63,76.27,28.17,21.17,14.60,8.03,19.50,17.80,15.80,13.25,21.93,18.87,21.80,31.20,132.60,66.70,24.83,17.50,10.17,17.50,16.80,15.65,14.05,27.57,23.43,24.20,30.97,180.37,100.87,24.43,16.83,9.17,11.73,11.97,12.00,11.80,29.47,28.17,26.13,31.03,209.07,63.77,19.13,11.73,4.30,Brown Chernozemics,361.65
5,2005,,,,,,,,,,,,,,,,,,,,,,,,,,,,,,,,,,,,,,,,,,,,,,,,23.10,,9.65,3.25,-3.15,,,,,,,,,75.35,,16.50,9.45,2.40,,,,,,,,,161.20,,19.80,13.35,6.90,,,,,,,,,248.00,,22.25,15.50,8.75,,,,,,,,,308.25,,21.55,14.40,7.25,,,,,,,,,347.40,,16.85,9.85,2.80,,
5,2006,,,,,,,,,436.15,,-6.10,-11.90,-17.80,,,,,,,,,451.00,,-3.25,-9.65,-16.00,,,,,,,,,469.15,,1.35,-4.90,-11.15,,,,,,,,,492.25,,9.65,3.25,-3.15,,,,,,,,,544.50,,16.50,9.45,2.40,,,,,,,,,630.35,,19.80,13.35,6.90,,,,,,,,,717.15,,22.25,15.50,8.75,,,,,,,,,777.40,,21.55,14.40,7.25,,,,,,,,,816.55,,16.85,9.85,2.80,Black Chernozemics,1103.59
5,2007,,,,,,,,,905.30,,-6.10,-11.90,-17.80,,,,,,,,,920.15,,-3.25,-9.65,-16.00,,,,,,,,,938.30,,1.35,-4.90,-11.15,,,,,,,,,961.40,,9.65,3.25,-3.15,,,,,,,,,1013.65,,16.50,9.45,2.40,,,,,,,,,1099.50,,19.80,13.35,6.90,,,,,,,,,1186.30,,22.25,15.50,8.75,,,,,,,,,1246.55,,21.55,14.40,7.25,,,,,,,,,1285.70,,16.85,9.85,2.80,Black Chernozemics,964.17
5,2008,,,,,,,,,1374.45,,-6.10,-11.90,-17.80,,,,,,,,,1389.70,,-3.10,-9.45,-15.80,,,,,,,,,1407.85,,1.35,-4.90,-11.15,,,,,,,,,1430.95,,9.65,3.25,-3.15,,,,,,,,,1483.20,,16.50,9.45,2.40,,,,,,,,,1569.05,,19.80,13.35,6.90,,,,,,,,,1655.85,,22.25,15.50,8.75,,,,,,,,,1716.10,,21.55,14.40,7.25,10.10,10.15,10.15,9.80,26.55,25.85,33.00,36.15,1755.25,19.70,16.85,9.85,2.80,Black Chernozemics,1174.89
5,2009,-3.95,-3.20,-1.40,0.55,15.70,17.70,29.55,35.15,1844.00,19.70,-6.10,-11.90,-17.80,-3.25,-2.60,-1.30,0.15,16.10,18.00,29.25,35.10,1858.85,5.90,-3.25,-9.65,-16.00,-3.45,-2.95,-1.80,-0.30,15.85,17.65,28.70,34.95,1877.00,13.80,1.35,-4.90,-11.15,1.60,0.90,0.15,0.10,33.90,33.75,30.30,35.05,1900.10,10.35,9.65,3.25,-3.15,6.25,5.15,3.50,2.35,33.70,37.10,32.70,35.65,1952.35,29.10,16.50,9.45,2.40,11.40,10.05,8.00,5.80,24.00,28.60,32.95,35.95,2038.20,33.10,19.80,13.35,6.90,14.65,13.25,11.05,8.70,24.45,26.85,33.00,36.00,2125.00,63.50,22.25,15.50,8.75,15.90,15.10,13.40,11.40,19.90,16.40,30.10,33.00,2185.25,56.65,21.55,14.40,7.25,12.80,12.70,12.20,11.10,22.40,15.60,29.90,32.60,2224.40,19.05,16.85,9.85,2.80,Black Chernozemics,1119.66
5,2010,-3.50,-3.05,-1.75,0.05,17.00,18.65,29.20,34.55,2313.15,8.10,-6.10,-11.90,-17.80,-1.70,-1.30,-0.30,0.80,18.40,23.70,31.40,38.40,2328.00,5.05,-3.25,-9.65,-16.00,-0.80,-0.90,-0.75,0.00,23.50,21.00,29.45,34.55,2346.15,10.95,1.35,-4.90,-11.15,3.05,2.15,1.30,1.05,33.95,29.75,30.90,34.80,2369.25,14.65,9.65,3.25,-3.15,7.55,6.60,5.25,3.80,31.95,34.35,32.35,35.25,52.25,82.60,16.50,9.45,2.40,13.25,11.80,9.50,7.15,29.30,32.05,33.30,35.90,138.10,49.60,19.80,13.35,6.90,15.80,14.50,12.40,10.00,24.40,26.65,33.50,36.20,224.90,63.00,22.25,15.50,8.75,14.75,14.10,13.05,11.30,27.95,27.00,33.50,36.20,285.15,78.95,21.55,14.40,7.25,9.45,9.60,9.90,9.80,36.55,29.50,33.00,36.05,324.30,34.50,16.85,9.85,2.80,Black Chernozemics,1160.54
5,2011,-3.10,-2.55,-1.25,0.45,18.25,20.40,31.10,34.75,413.05,37.50,-6.10,-11.90,-17.80,-3.05,-2.50,-1.15,0.20,18.00,19.90,30.50,34.55,427.90,10.10,-3.25,-9.65,-16.00,-3.65,-3.25,-2.05,-0.60,17.45,18.50,28.75,34.25,446.05,21.70,1.35,-4.90,-11.15,1.25,0.60,0.15,0.20,34.00,28.85,30.15,34.45,469.15,13.80,9.65,3.25,-3.15,7.35,6.00,4.25,2.85,32.65,33.80,33.20,35.10,521.40,29.50,16.50,9.45,2.40,12.05,10.85,8.85,6.50,32.70,31.55,34.45,35.75,607.25,123.85,19.80,13.35,6.90,14.00,13.20,11.75,9.55,35.45,38.40,38.35,37.45,694.05,154.75,22.25,15.50,8.75,14.05,13.45,12.35,10.70,33.20,35.25,37.60,37.55,754.30,66.55,21.55,14.40,7.25,11.30,11.35,11.30,10.55,26.75,30.50,36.20,37.85,793.45,12.25,16.85,9.85,2.80,Black Chernozemics,994.75
5,2012,-4.30,-3.10,-0.75,1.05,15.30,18.30,31.95,37.35,882.20,11.25,-6.10,-11.90,-17.80,-4.30,-3.45,-1.55,0.20,14.45,17.00,29.60,37.00,897.45,8.40,-3.10,-9.45,-15.80,-1.90,-1.75,-1.10,-0.15,17.85,18.40,29.95,36.45,915.60,16.85,1.35,-4.90,-11.15,2.10,1.10,-0.05,0.00,37.30,32.25,31.90,36.55,938.70,36.00,9.65,3.25,-3.15,7.60,6.15,3.90,2.15,30.80,37.55,34.95,37.10,990.95,49.25,16.50,9.45,2.40,13.20,11.85,9.50,6.75,34.00,37.50,36.75,37.60,1076.80,93.70,19.80,13.35,6.90,16.55,15.30,12.95,10.05,28.00,30.45,35.75,38.70,1163.60,85.40,22.25,15.50,8.75,15.85,15.15,13.85,11.85,27.90,28.20,34.80,38.75,1223.85,29.25,21.55,14.40,7.25,11.10,11.20,11.15,10.65,20.70,23.20,33.15,37.70,1263.00,14.75,16.85,9.85,2.80,Black Chernozemics,998.70
5,2013,-1.30,-0.90,0.25,1.60,19.95,24.65,31.30,36.65,1351.75,26.35,-6.10,-11.90,-17.80,-1.35,-0.95,0.05,1.20,19.40,23.55,30.55,36.75,1366.60,5.50,-3.25,-9.65,-16.00,-1.45,-1.15,-0.20,0.80,19.45,22.20,30.25,36.80,1384.75,15.25,1.35,-4.90,-11.15,0.15,-0.20,0.00,0.70,35.95,33.35,30.85,36.95,1407.85,17.05,9.65,3.25,-3.15,8.00,6.55,4.55,2.95,33.05,37.65,32.80,37.35,1460.10,41.70,16.50,9.45,2.40,12.80,11.65,9.45,6.15,34.70,36.75,34.30,37.85,1545.95,93.90,19.80,13.35,6.90,15.10,14.20,12.30,9.90,30.85,33.40,34.45,37.90,1632.75,91.40,22.25,15.50,8.75,15.15,14.50,13.05,11.15,29.30,34.65,34.35,37.90,1693.00,49.85,21.55,14.40,7.25,11.85,11.85,11.70,10.90,24.45,29.40,33.95,37.75,1732.15,31.20,16.85,9.85,2.80,Black Chernozemics,939.00
5,2014,-0.10,0.30,1.35,2.45,24.65,27.40,32.25,37.60,1820.90,12.10,-6.10,-11.90,-17.80,-1.70,-0.95,0.35,1.70,20.00,24.70,32.15,37.65,1835.75,9.50,-3.25,-9.65,-16.00,-1.50,-1.20,-0.35,0.80,24.60,24.70,32.25,37.85,1853.90,16.70,1.35,-4.90,-11.15,1.00,0.45,0.50,0.95,35.30,34.35,35.65,38.25,1877.00,18.25,9.65,3.25,-3.15,7.65,6.60,5.00,3.50,33.70,38.20,36.75,38.60,1929.25,39.20,16.50,9.45,2.40,12.65,11.35,9.15,6.90,26.75,30.80,35.70,38.85,2015.10,53.00,19.80,13.35,6.90,16.45,15.10,12.75,9.70,22.15,26.10,34.75,38.30,2101.90,48.00,22.25,15.50,8.75,15.60,14.95,13.55,11.55,19.00,21.85,34.00,37.40,2162.15,8.90,21.55,14.40,7.25,10.40,10.50,10.60,10.20,18.80,22.65,32.85,36.70,2201.30,39.10,16.85,9.85,2.80,Black Chernozemics,935.84
5,2015,-2.05,-1.65,-0.30,1.30,16.90,20.75,30.80,35.80,2290.05,21.85,-6.10,-11.90,-17.80,-2.50,-1.95,-0.70,0.70,16.45,19.95,30.15,35.75,2304.90,19.55,-3.25,-9.65,-16.00,-0.90,-0.70,0.00,0.80,29.80,26.00,31.50,38.70,2323.05,26.60,1.35,-4.90,-11.15,3.65,2.95,2.25,1.80,34.75,38.75,36.10,36.20,2346.15,14.45,9.65,3.25,-3.15,9.65,8.40,6.70,4.90,23.95,32.45,35.80,36.45,2398.40,15.25,16.50,9.45,2.40,14.85,13.40,11.05,8.35,21.20,22.85,33.90,36.30,85.85,61.35,19.80,13.35,6.90,17.50,16.30,14.15,11.25,21.25,23.75,33.25,36.25,172.65,46.85,22.25,15.50,8.75,15.80,15.25,14.10,12.15,24.00,25.30,32.80,36.20,232.90,55.65,21.55,14.40,7.25,10.30,10.65,11.05,10.70,26.80,26.95,32.15,35.85,272.05,50.00,16.85,9.85,2.80,Black Chernozemics,860.95
6,2005,,,,,,,,,,,,,,,,,,,,,,,,,,,,,,,,,,,,,,,,,,,,,,,,22.70,,9.70,3.50,-2.80,,,,,,,,,81.90,,16.00,9.40,2.70,,,,,,,,,178.70,,19.30,13.20,7.10,,,,,,,,,253.00,,22.40,15.90,9.30,,,,,,,,,314.80,,22.00,15.10,8.10,,,,,,,,,357.50,,17.50,10.70,3.80,,
6,2006,,,,,,,,,421.80,,-3.30,-8.90,-14.40,,,,,,,,,433.50,,-2.00,-7.60,-13.30,,,,,,,,,452.00,,2.20,-3.40,-9.00,,,,,,,,,474.70,,9.70,3.50,-2.80,,,,,,,,,533.90,,16.00,9.40,2.70,,,,,,,,,630.70,,19.30,13.20,7.10,,,,,,,,,705.00,,22.40,15.90,9.30,,,,,,,,,766.80,,22.00,15.10,8.10,,,,,,,,,809.50,,17.50,10.70,3.80,Gray Luvisols,143.86
6,2007,,,,,,,,,873.80,,-3.30,-8.90,-14.40,,,,,,,,,885.50,,-2.00,-7.60,-13.30,,,,,,,,,904.00,,2.20,-3.40,-9.00,,,,,,,,,926.70,,9.70,3.50,-2.80,,,,,,,,,985.90,,16.00,9.40,2.70,,,,,,,,,1082.70,,19.30,13.20,7.10,,,,,,,,,1157.00,,22.40,15.90,9.30,,,,,,,,,1218.80,,22.00,15.10,8.10,,,,,,,,,1261.50,,17.50,10.70,3.80,Gray Luvisols,126.00
6,2008,,,,,,,,,1325.80,,-3.30,-8.90,-14.40,,,,,,,,,1337.70,,-1.80,-7.50,-13.20,,,,,,,,,1356.20,,2.20,-3.40,-9.00,,,,,,,,,1378.90,,9.70,3.50,-2.80,,,,,,,,,1438.10,,16.00,9.40,2.70,,,,,,,,,1534.90,,19.30,13.20,7.10,,,,,,,,,1609.20,,22.40,15.90,9.30,,,,,,,,,1671.00,,22.00,15.10,8.10,11.30,11.80,11.40,11.30,31.80,33.40,33.40,38.30,1713.70,22.40,17.50,10.70,3.80,Gray Luvisols,143.56
6,2009,-2.40,-1.20,-0.40,0.60,15.80,22.50,31.40,37.00,1778.00,6.30,-3.30,-8.90,-14.40,-2.40,-1.40,-0.70,0.10,15.60,22.30,30.30,37.00,1789.70,8.20,-2.00,-7.60,-13.30,-2.00,-1.30,-0.90,-0.20,15.90,22.40,28.70,36.90,1808.20,23.40,2.20,-3.40,-9.00,1.40,0.90,0.00,0.20,34.10,33.00,31.10,37.00,1830.90,7.50,9.70,3.50,-2.80,8.80,7.50,5.20,4.20,30.70,34.60,33.10,37.50,1890.10,9.80,16.00,9.40,2.70,14.10,12.80,10.00,8.60,20.20,25.10,33.10,38.00,1986.90,36.60,19.30,13.20,7.10,17.30,16.40,13.20,11.70,23.90,24.40,33.30,38.30,2061.20,51.40,22.40,15.90,9.30,15.80,15.90,13.80,12.90,30.60,30.90,33.20,38.50,2123.00,64.00,22.00,15.10,8.10,14.00,14.30,13.00,12.50,15.80,22.50,32.80,38.40,2165.70,0.40,17.50,10.70,3.80,Gray Luvisols,154.74
6,2010,-2.10,-1.00,-0.20,0.80,14.60,19.60,30.40,37.10,2230.00,5.80,-3.30,-8.90,-14.40,-2.30,-1.50,-0.80,0.10,14.40,19.60,29.40,37.10,2241.70,11.30,-2.00,-7.60,-13.30,0.20,0.20,-0.10,0.40,28.20,28.40,30.80,37.10,2260.20,0.80,2.20,-3.40,-9.00,4.30,3.90,2.90,2.60,34.40,35.50,31.90,37.30,2282.90,31.00,9.70,3.50,-2.80,8.60,7.90,6.30,5.50,37.90,37.60,33.80,37.70,59.20,58.60,16.00,9.40,2.70,14.00,13.00,10.20,8.80,38.20,38.20,34.90,38.00,156.00,88.40,19.30,13.20,7.10,16.50,16.30,13.60,12.20,30.80,35.70,34.80,38.40,230.30,82.50,22.40,15.90,9.30,16.10,15.90,14.30,13.30,26.50,28.50,34.40,38.50,292.10,49.10,22.00,15.10,8.10,10.20,11.00,11.00,11.10,30.70,29.20,33.90,38.30,334.80,60.50,17.50,10.70,3.80,Gray Luvisols,145.98
6,2011,-1.60,-0.60,0.00,1.00,18.10,24.70,31.90,37.20,399.10,17.30,-3.30,-8.90,-14.40,-1.70,-0.80,-0.30,0.50,17.70,24.10,31.80,37.20,410.80,8.50,-2.00,-7.60,-13.30,-1.70,-1.00,-0.70,0.00,17.50,23.50,30.20,37.10,429.30,23.30,2.20,-3.40,-9.00,0.10,0.10,-0.40,0.10,35.30,29.10,31.80,37.10,452.00,25.70,9.70,3.50,-2.80,9.60,8.90,5.70,4.50,39.10,37.20,33.60,37.60,511.20,74.60,16.00,9.40,2.70,15.10,15.50,10.90,9.20,39.20,38.20,34.90,38.10,608.00,102.20,19.30,13.20,7.10,18.50,18.20,14.70,13.10,30.20,32.30,34.40,38.50,682.30,48.90,22.40,15.90,9.30,18.30,17.50,15.30,14.10,21.20,23.20,33.90,38.60,744.10,38.40,22.00,15.10,8.10,14.30,14.30,13.60,13.20,23.20,21.10,33.40,38.60,786.80,5.50,17.50,10.70,3.80,Gray Luvisols,133.80
6,2012,-3.30,-1.70,-0.10,1.10,18.00,17.90,30.00,37.30,851.10,5.40,-3.30,-8.90,-14.40,-3.80,-2.50,-1.20,-0.30,17.90,17.70,27.70,37.10,863.00,10.90,-1.80,-7.50,-13.20,-1.00,-1.00,-1.00,-0.50,22.80,18.60,28.20,37.10,881.50,27.20,2.20,-3.40,-9.00,4.70,3.60,1.90,1.40,36.40,30.80,31.60,37.30,904.20,38.90,9.70,3.50,-2.80,10.50,9.50,7.40,6.20,32.70,35.40,33.90,37.80,963.40,74.80,16.00,9.40,2.70,15.10,13.90,11.40,9.90,36.60,35.20,34.70,38.20,1060.20,116.50,19.30,13.20,7.10,19.10,17.70,15.20,13.40,32.10,31.90,34.90,38.60,1134.50,101.70,22.40,15.90,9.30,17.80,17.00,15.50,14.40,30.10,31.40,34.70,38.70,1196.30,37.80,22.00,15.10,8.10,13.50,13.50,13.00,12.80,18.60,22.20,34.00,38.50,1239.00,10.60,17.50,10.70,3.80,Gray Luvisols,121.85
6,2013,-1.30,-0.80,0.00,0.90,20.50,20.10,31.60,37.30,1303.30,10.70,-3.30,-8.90,-14.40,-1.00,-0.60,-0.10,0.60,21.00,20.40,31.50,37.30,1315.00,4.70,-2.00,-7.60,-13.30,-0.90,-0.50,-0.10,0.50,21.40,20.80,31.50,37.20,1333.50,11.00,2.20,-3.40,-9.00,1.00,0.80,0.50,0.70,36.10,29.20,32.10,37.30,1356.20,23.70,9.70,3.50,-2.80,10.30,8.80,6.40,5.20,33.20,35.80,33.50,37.80,1415.40,122.90,16.00,9.40,2.70,15.20,13.70,11.00,9.40,39.00,38.10,35.20,38.20,1512.20,144.60,19.30,13.20,7.10,17.90,16.90,14.50,12.90,31.00,35.00,35.20,38.60,1586.50,35.00,22.40,15.90,9.30,17.80,25.10,15.00,13.80,21.30,25.60,34.60,38.70,1648.30,16.40,22.00,15.10,8.10,14.20,20.20,14.00,13.50,26.30,21.50,34.10,38.60,1691.00,38.90,17.50,10.70,3.80,Gray Luvisols,151.60
6,2014,-0.40,2.30,1.00,1.70,25.30,20.10,31.80,37.40,1755.30,12.70,-3.30,-8.90,-14.40,-1.80,0.90,0.10,0.90,21.00,20.10,31.70,37.30,1767.00,2.50,-2.00,-7.60,-13.30,-1.50,0.60,-0.60,0.10,21.20,20.00,31.20,37.20,1785.50,22.30,2.20,-3.40,-9.00,1.70,3.40,0.70,0.70,34.50,35.00,32.40,37.30,1808.20,13.50,9.70,3.50,-2.80,9.80,23.80,6.50,5.20,39.60,38.20,34.10,37.80,1867.40,80.80,16.00,9.40,2.70,15.30,32.20,11.50,9.80,37.60,38.20,34.90,38.30,1964.20,134.80,19.30,13.20,7.10,19.80,47.40,15.40,13.60,31.20,35.30,35.20,38.60,2038.50,46.90,22.40,15.90,9.30,17.80,40.60,15.70,14.60,32.70,29.20,34.60,38.70,2100.30,82.90,22.00,15.10,8.10,12.20,29.40,12.30,12.10,34.90,33.80,34.70,38.50,2143.00,50.40,17.50,10.70,3.80,Gray Luvisols,169.30
6,2015,-2.40,3.30,-0.50,0.40,21.30,24.30,32.00,37.30,2207.30,19.80,-3.30,-8.90,-14.40,-1.50,4.50,-0.70,-0.10,22.80,24.90,31.30,37.20,2219.00,10.60,-2.00,-7.60,-13.30,0.20,,-0.60,-0.20,34.40,31.40,32.40,37.20,2237.50,8.50,2.20,-3.40,-9.00,5.20,,3.20,2.40,37.60,35.70,34.20,37.50,2260.20,16.70,9.70,3.50,-2.80,10.50,,7.20,6.00,26.30,30.70,33.90,37.90,2319.40,25.40,16.00,9.40,2.70,17.20,,12.00,10.10,20.40,22.80,33.70,38.30,96.80,57.90,19.30,13.20,7.10,19.50,,15.40,13.60,27.20,22.40,33.80,38.70,171.10,96.90,22.40,15.90,9.30,17.10,,15.20,14.10,34.10,28.60,34.10,38.70,232.90,114.80,22.00,15.10,8.10,11.40,,11.90,11.80,37.80,37.20,35.20,38.50,275.60,77.90,17.50,10.70,3.80,Gray Luvisols,155.44
7,2005,,,,,,,,,,,,,,,,,,,,,,,,,,,,,,,,,,,,,,,,,,,,,,,,24.80,,10.40,3.95,-2.45,,,,,,,,,67.05,,17.55,10.50,3.45,,,,,,,,,142.95,,20.95,14.60,8.20,,,,,,,,,216.50,,23.85,17.05,10.25,,,,,,,,,271.20,,23.35,16.15,8.85,,,,,,,,,304.90,,18.35,11.15,3.90,,
7,2006,,,,,,,,,365.05,,-6.60,-11.90,-17.20,,,,,,,,,374.75,,-4.35,-10.00,-15.65,,,,,,,,,389.70,,1.05,-4.50,-10.00,,,,,,,,,414.50,,10.40,3.95,-2.45,,,,,,,,,456.75,,17.55,10.50,3.45,,,,,,,,,532.65,,20.95,14.60,8.20,,,,,,,,,606.20,,23.85,17.05,10.25,,,,,,,,,660.90,,23.35,16.15,8.85,,,,,,,,,694.60,,18.35,11.15,3.90,Black Chernozemics,711.22
7,2007,,,,,,,,,754.75,,-6.60,-11.90,-17.20,,,,,,,,,764.45,,-4.35,-10.00,-15.65,,,,,,,,,779.40,,1.05,-4.50,-10.00,,,,,,,,,804.20,,10.40,3.95,-2.45,,,,,,,,,846.45,,17.55,10.50,3.45,,,,,,,,,922.35,,20.95,14.60,8.20,,,,,,,,,995.90,,23.85,17.05,10.25,,,,,,,,,1050.60,,23.35,16.15,8.85,,,,,,,,,1084.30,,18.35,11.15,3.90,Black Chernozemics,610.95
7,2008,,,,,,,,,1144.45,,-6.60,-11.90,-17.20,,,,,,,,,1154.65,,-4.20,-9.85,-15.50,,,,,,,,,1169.60,,1.05,-4.50,-10.00,,,,,,,,,1194.40,,10.40,3.95,-2.45,,,,,,,,,1236.65,,17.55,10.50,3.45,,,,,,,,,1312.55,,20.95,14.60,8.20,,,,,,,,,1386.10,,23.85,17.05,10.25,,,,,,,,,1440.80,,23.35,16.15,8.85,11.35,11.65,11.95,11.75,25.65,30.50,27.60,30.75,1474.50,22.00,18.35,11.15,3.90,Black Chernozemics,730.11
7,2009,-7.30,-6.05,-3.85,-1.40,15.75,21.15,23.30,27.85,1534.65,5.80,-6.60,-11.90,-17.20,-6.45,-5.40,-3.75,-1.85,15.70,21.10,22.60,27.35,1544.35,5.60,-4.35,-10.00,-15.65,-5.05,-4.65,-3.75,-2.30,17.00,21.60,22.60,26.55,1559.30,17.50,1.05,-4.50,-10.00,3.00,1.75,0.05,-0.55,30.20,33.80,27.75,27.40,1584.10,12.60,10.40,3.95,-2.45,10.00,8.55,6.40,4.40,24.40,33.35,32.30,29.10,1626.35,13.85,17.55,10.50,3.45,16.10,14.50,11.90,9.25,20.55,27.60,30.40,29.50,1702.25,28.70,20.95,14.60,8.20,18.85,17.55,15.10,12.40,25.60,30.35,29.20,29.85,1775.80,52.00,23.85,17.05,10.25,16.95,16.45,15.25,13.40,27.50,32.35,28.80,29.85,1830.50,78.15,23.35,16.15,8.85,14.20,14.30,13.95,12.95,20.70,29.00,28.65,29.70,1864.20,4.60,18.35,11.15,3.90,Black Chernozemics,828.98
7,2010,-5.30,-4.50,-2.95,-1.05,16.35,22.40,24.90,27.35,1924.35,4.10,-6.60,-11.90,-17.20,-4.40,-3.85,-2.65,-1.15,16.75,22.40,24.50,27.30,1934.05,2.00,-4.35,-10.00,-15.65,-0.35,-0.80,-1.20,-0.65,26.60,26.65,25.70,27.45,1949.00,4.55,1.05,-4.50,-10.00,5.00,4.60,3.60,2.60,29.50,31.20,16.90,18.90,1973.80,51.60,10.40,3.95,-2.45,9.20,8.60,7.45,5.90,30.95,35.40,31.80,29.25,42.25,68.85,17.55,10.50,3.45,15.15,13.80,11.45,9.20,32.65,35.45,35.30,30.05,118.15,83.65,20.95,14.60,8.20,18.05,17.05,15.25,12.90,32.20,34.35,34.95,30.80,191.70,129.70,23.85,17.05,10.25,17.30,16.95,16.00,14.35,31.80,35.70,34.40,31.20,246.40,43.80,23.35,16.15,8.85,10.10,10.65,11.15,11.35,28.15,32.05,31.90,30.75,280.10,32.95,18.35,11.15,3.90,Black Chernozemics,723.94
7,2011,-2.80,-2.20,-1.00,0.45,19.80,25.55,27.00,28.95,340.25,24.75,-6.60,-11.90,-17.20,-2.80,-2.10,-0.95,0.25,19.65,25.85,27.00,28.90,349.95,5.05,-4.35,-10.00,-15.65,-2.75,-2.40,-1.60,-0.40,19.40,25.15,26.60,28.75,364.90,12.75,1.05,-4.50,-10.00,1.70,1.15,0.40,0.45,34.10,31.80,27.95,32.65,389.70,9.30,10.40,3.95,-2.45,10.85,9.60,7.50,5.40,30.15,34.25,30.25,34.35,431.95,21.90,17.55,10.50,3.45,15.45,14.20,12.00,9.55,29.55,33.75,29.35,34.30,507.85,99.00,20.95,14.60,8.20,18.10,17.20,15.30,12.75,31.30,33.85,29.70,34.45,581.40,102.45,23.85,17.05,10.25,17.05,16.60,15.45,13.70,28.85,34.20,29.70,34.55,636.10,32.95,23.35,16.15,8.85,12.65,12.85,12.75,12.25,22.20,28.10,28.75,34.20,669.80,6.10,18.35,11.15,3.90,Black Chernozemics,741.79
7,2012,-5.80,-4.30,-1.95,0.30,17.65,21.65,25.75,32.95,729.95,5.65,-6.60,-11.90,-17.20,-5.45,-4.30,-2.55,-0.70,17.60,20.85,24.55,30.10,740.15,6.25,-4.20,-9.85,-15.50,-1.15,-1.40,-1.45,-0.75,26.35,25.10,25.30,30.00,755.10,21.40,1.05,-4.50,-10.00,4.50,3.70,2.30,1.40,33.15,33.75,26.85,33.75,779.90,32.65,10.40,3.95,-2.45,10.65,9.70,7.85,5.90,29.90,34.15,27.65,34.30,822.15,39.35,17.55,10.50,3.45,15.80,14.55,12.30,9.70,29.10,33.85,28.30,34.40,898.05,92.95,20.95,14.60,8.20,19.70,18.45,16.05,13.25,29.10,33.75,29.20,34.70,971.60,74.65,23.85,17.05,10.25,17.85,17.35,16.10,14.25,23.60,29.85,29.05,34.70,1026.30,46.20,23.35,16.15,8.85,12.90,13.05,13.00,12.50,21.65,27.50,28.35,34.00,1060.00,11.65,18.35,11.15,3.90,Black Chernozemics,686.10
7,2013,-3.30,-2.35,-0.85,0.80,19.25,23.40,26.20,33.25,1120.15,11.15,-6.60,-11.90,-17.20,-3.15,-2.40,-1.20,0.20,19.15,22.85,26.15,33.20,1129.85,4.75,-4.35,-10.00,-15.65,-2.70,-2.10,-1.15,0.00,19.50,23.30,26.15,33.20,1144.80,10.15,1.05,-4.50,-10.00,1.15,0.85,0.55,0.65,34.50,34.05,26.60,33.30,1169.60,21.80,10.40,3.95,-2.45,11.60,10.20,7.90,5.70,27.45,34.70,27.85,34.40,1211.85,38.35,17.55,10.50,3.45,15.55,14.35,12.00,9.65,29.10,33.40,28.35,35.45,1287.75,83.15,20.95,14.60,8.20,18.20,17.30,15.25,12.80,25.80,30.60,28.75,35.65,1361.30,63.25,23.85,17.05,10.25,17.45,16.75,15.25,13.45,24.80,28.55,28.70,35.50,1416.00,42.50,23.35,16.15,8.85,13.60,13.80,13.80,13.05,21.95,27.40,28.35,35.10,1449.70,17.15,18.35,11.15,3.90,Black Chernozemics,790.80
7,2014,-2.45,-1.75,-0.40,1.10,19.20,25.10,26.35,33.90,1509.85,7.40,-6.60,-11.90,-17.20,-5.00,-3.50,-1.40,0.35,17.85,23.25,26.05,33.70,1519.55,6.30,-4.35,-10.00,-15.65,-2.95,-2.40,-1.70,-0.45,21.60,27.25,25.50,33.55,1534.50,12.55,1.05,-4.50,-10.00,1.45,0.75,0.30,0.35,31.10,31.55,26.55,34.55,1559.30,24.50,10.40,3.95,-2.45,9.50,8.45,6.50,4.70,31.00,35.85,27.45,34.85,1601.55,31.90,17.55,10.50,3.45,14.50,13.35,11.15,8.90,28.20,35.30,28.10,34.95,1677.45,101.50,20.95,14.60,8.20,18.20,16.95,14.70,12.20,27.95,33.95,28.60,34.90,1751.00,58.20,23.85,17.05,10.25,16.95,16.45,15.20,13.45,25.10,30.55,28.65,34.30,1805.70,54.10,23.35,16.15,8.85,10.95,11.35,11.60,11.40,30.85,28.65,28.20,33.35,1839.40,52.10,18.35,11.15,3.90,Black Chernozemics,769.71
7,2015,-5.00,-4.15,-2.30,-0.10,18.70,22.90,25.30,31.85,1899.55,13.70,-6.60,-11.90,-17.20,-4.70,-3.90,-2.45,-0.70,18.70,22.95,25.15,31.00,1909.25,18.85,-4.35,-10.00,-15.65,-1.55,-1.85,-1.50,-0.85,29.25,27.55,30.25,30.15,1924.20,18.30,1.05,-4.50,-10.00,3.70,2.95,1.55,1.05,33.90,36.10,36.30,33.55,1949.00,16.05,10.40,3.95,-2.45,10.10,9.05,7.15,5.40,23.70,32.80,34.15,34.00,1991.25,17.65,17.55,10.50,3.45,15.80,14.30,11.80,9.40,21.70,27.55,29.55,32.90,75.90,38.00,20.95,14.60,8.20,18.70,17.45,15.20,12.60,26.10,29.10,28.85,31.35,149.45,72.80,23.85,17.05,10.25,16.65,16.20,15.00,13.30,30.10,32.15,28.60,30.65,204.15,79.25,23.35,16.15,8.85,11.25,11.50,11.85,11.60,34.30,34.25,28.20,30.20,237.85,75.55,18.35,11.15,3.90,Black Chernozemics,779.37
8,2005,,,,,,,,,,,,,,,,,,,,,,,,,,,,,,,,,,,,,,,,,,,,,,,,22.20,,10.30,3.80,-2.70,,,,,,,,,75.70,,16.80,9.90,3.00,,,,,,,,,156.40,,20.10,13.80,7.60,,,,,,,,,248.60,,22.90,16.20,9.60,,,,,,,,,306.00,,22.30,15.30,8.30,,,,,,,,,338.80,,17.70,10.60,3.50,,
8,2006,,,,,,,,,404.70,,-5.00,-10.80,-16.70,,,,,,,,,414.30,,-2.50,-8.90,-15.20,,,,,,,,,431.30,,2.10,-4.00,-10.10,,,,,,,,,453.50,,10.30,3.80,-2.70,,,,,,,,,507.00,,16.80,9.90,3.00,,,,,,,,,587.70,,20.10,13.80,7.60,,,,,,,,,679.90,,22.90,16.20,9.60,,,,,,,,,737.30,,22.30,15.30,8.30,,,,,,,,,770.10,,17.70,10.60,3.50,Gray Luvisols,173.00
8,2007,,,,,,,,,836.00,,-5.00,-10.80,-16.70,,,,,,,,,845.60,,-2.50,-8.90,-15.20,,,,,,,,,862.60,,2.10,-4.00,-10.10,,,,,,,,,884.80,,10.30,3.80,-2.70,,,,,,,,,938.30,,16.80,9.90,3.00,,,,,,,,,1019.00,,20.10,13.80,7.60,,,,,,,,,1111.20,,22.90,16.20,9.60,,,,,,,,,1168.60,,22.30,15.30,8.30,,,,,,,,,1201.40,,17.70,10.60,3.50,Gray Luvisols,159.83
8,2008,,,,,,,,,1267.30,,-5.00,-10.80,-16.70,,,,,,,,,1277.80,,-2.40,-8.70,-15.10,,,,,,,,,1294.80,,2.10,-4.00,-10.10,,,,,,,,,1317.00,,10.30,3.80,-2.70,,,,,,,,,1370.50,,16.80,9.90,3.00,,,,,,,,,1451.20,,20.10,13.80,7.60,,,,,,,,,1543.40,,22.90,16.20,9.60,,,,,,,,,1600.80,,22.30,15.30,8.30,11.70,11.70,12.00,11.30,17.40,17.40,14.20,18.80,1633.60,8.80,17.70,10.60,3.50,Gray Luvisols,219.19
8,2009,-5.30,-3.80,-1.10,0.80,12.30,11.50,8.60,,1699.50,12.80,-5.00,-10.80,-16.70,-5.00,-3.80,-1.50,0.20,12.40,11.60,8.70,7.20,1709.10,6.20,-2.50,-8.90,-15.20,-4.50,-3.80,-1.90,-0.30,12.80,11.70,8.80,8.60,1726.10,10.90,2.10,-4.00,-10.10,3.30,1.40,0.20,-0.30,20.00,13.80,10.80,10.50,1748.30,9.00,10.30,3.80,-2.70,7.80,5.50,3.40,0.90,18.60,15.10,12.10,27.20,1801.80,14.00,16.80,9.90,3.00,13.60,11.40,9.20,5.90,15.60,14.30,11.20,30.80,1882.50,31.00,20.10,13.80,7.60,17.70,15.70,13.30,9.60,19.80,16.50,13.30,36.70,1974.70,92.70,22.90,16.20,9.60,16.20,15.50,14.40,11.80,24.00,17.10,13.90,32.60,2032.10,61.80,22.30,15.30,8.30,13.60,13.30,13.10,11.60,15.10,14.50,11.40,25.90,2064.90,8.80,17.70,10.60,3.50,Gray Luvisols,232.55
8,2010,-4.50,-3.40,-1.10,0.70,13.30,11.80,8.90,,2130.80,5.80,-5.00,-10.80,-16.70,-4.10,-3.30,-1.30,0.20,13.20,11.80,8.90,16.80,2140.40,1.10,-2.50,-8.90,-15.20,-0.10,-0.80,-0.40,0.00,16.70,24.50,21.10,16.80,2157.40,1.20,2.10,-4.00,-10.10,4.40,2.80,2.00,0.90,21.40,29.40,25.80,32.80,2179.60,40.80,10.30,3.80,-2.70,9.00,7.70,6.60,4.40,30.20,35.10,31.20,36.90,53.50,97.30,16.80,9.90,3.00,14.50,12.60,10.80,7.80,31.70,35.70,31.60,22.80,134.20,111.80,20.10,13.80,7.60,17.30,15.90,14.50,11.60,31.60,36.00,32.00,35.70,226.40,168.50,22.90,16.20,9.60,17.00,16.40,15.60,13.20,22.60,33.60,29.70,36.20,283.80,32.20,22.30,15.30,8.30,10.30,10.70,11.60,11.50,27.50,24.80,21.30,36.90,316.60,47.80,17.70,10.60,3.50,Gray Luvisols,243.81
8,2011,,,,,,,,,382.50,38.40,-5.00,-10.80,-16.70,-2.90,-2.20,-0.40,0.70,15.40,15.10,12.10,22.00,392.10,9.70,-2.50,-8.90,-15.20,-2.60,-2.30,-0.70,0.40,15.50,15.00,12.00,,409.10,31.30,2.10,-4.00,-10.10,1.30,0.00,0.00,0.30,26.00,19.70,16.50,32.10,431.30,14.60,10.30,3.80,-2.70,9.20,6.80,4.70,2.40,27.40,28.00,24.40,28.70,484.80,42.20,16.80,9.90,3.00,15.00,12.90,10.90,7.40,28.90,27.10,23.40,34.30,565.50,81.50,20.10,13.80,7.60,17.70,16.20,14.60,11.00,32.00,33.30,29.30,39.10,657.70,183.10,22.90,16.20,9.60,17.90,16.90,15.80,13.00,30.70,33.30,29.40,38.10,715.10,55.70,22.30,15.30,8.30,13.20,13.20,13.40,12.40,22.30,20.70,17.50,30.60,747.90,4.60,17.70,10.60,3.50,Gray Luvisols,205.45
8,2012,-4.80,-3.00,-0.30,1.60,11.30,11.80,8.90,30.30,813.80,5.70,-5.00,-10.80,-16.70,-4.70,-3.40,-1.10,0.60,10.90,11.20,8.40,27.60,824.30,6.40,-2.40,-8.70,-15.10,-1.40,-1.60,-0.60,0.20,13.40,12.70,9.80,31.50,841.30,23.60,2.10,-4.00,-10.10,3.00,1.20,0.30,0.20,26.20,15.40,12.40,34.00,863.50,42.10,10.30,3.80,-2.70,9.00,7.00,5.30,2.80,26.40,30.00,26.40,37.50,917.00,60.60,16.80,9.90,3.00,15.20,13.10,11.10,7.50,31.00,29.50,25.80,28.60,997.70,95.20,20.10,13.80,7.60,19.30,17.30,15.20,11.40,23.60,22.40,19.00,29.20,1089.90,62.90,22.90,16.20,9.60,18.20,17.10,15.90,13.10,18.00,17.10,13.90,30.50,1147.30,30.00,22.30,15.30,8.30,13.10,12.90,13.00,12.10,15.90,14.50,11.50,25.80,1180.10,15.00,17.70,10.60,3.50,Gray Luvisols,213.40
8,2013,-3.80,-2.50,-0.30,1.40,13.20,12.50,9.60,24.10,1246.00,17.70,-5.00,-10.80,-16.70,-3.80,-2.90,-0.80,0.80,12.90,12.40,9.60,26.70,1255.60,4.30,-2.50,-8.90,-15.20,-3.00,-2.40,-0.80,0.40,13.20,12.60,9.70,16.10,1272.60,21.10,2.10,-4.00,-10.10,2.40,0.80,0.20,0.30,22.50,33.80,30.00,26.00,1294.80,21.00,10.30,3.80,-2.70,11.00,8.70,6.50,3.60,22.90,28.50,24.90,24.60,1348.30,61.60,16.80,9.90,3.00,16.10,14.00,11.80,8.20,28.10,28.80,25.00,,1429.00,72.10,20.10,13.80,7.60,18.90,17.30,15.40,11.70,29.80,32.50,28.50,30.30,1521.20,101.80,22.90,16.20,9.60,18.20,17.10,15.90,13.10,25.60,32.20,28.20,25.30,1578.60,71.70,22.30,15.30,8.30,14.20,14.20,14.30,13.00,18.60,21.20,17.90,30.50,1611.40,16.40,17.70,10.60,3.50,Gray Luvisols,281.90
8,2014,-1.10,-0.40,1.20,2.60,21.10,16.50,13.50,27.10,1677.30,14.70,-5.00,-10.80,-16.70,-5.40,-3.40,-0.40,1.40,17.20,16.10,13.20,14.90,1686.90,5.70,-2.50,-8.90,-15.20,-3.10,-2.60,-1.00,0.40,16.40,15.00,12.10,15.40,1703.90,25.20,2.10,-4.00,-10.10,2.20,0.70,0.40,0.20,23.80,17.30,14.30,30.00,1726.10,22.90,10.30,3.80,-2.70,9.50,7.60,5.90,3.40,23.50,24.00,20.70,24.50,1779.60,45.30,16.80,9.90,3.00,15.90,13.90,11.80,8.30,24.10,19.40,16.30,35.10,1860.30,83.10,20.10,13.80,7.60,19.50,17.70,15.70,12.00,17.60,17.60,14.50,36.40,1952.50,73.20,22.90,16.20,9.60,,,,,,,,,2009.90,26.10,22.30,15.30,8.30,11.90,12.10,12.60,12.10,15.70,14.90,12.00,33.40,2042.70,40.10,17.70,10.60,3.50,Gray Luvisols,243.85
8,2015,-4.50,-3.10,-0.50,1.30,12.90,13.10,10.30,14.10,2108.60,25.40,-5.00,-10.80,-16.70,-2.50,-2.00,-0.50,0.60,13.30,13.40,10.60,10.00,2118.20,18.70,-2.50,-8.90,-15.20,-0.90,-1.10,-0.30,0.50,26.30,26.30,22.80,19.90,2135.20,20.60,2.10,-4.00,-10.10,4.10,2.70,1.90,1.20,27.60,34.40,30.70,,2157.40,11.80,10.30,3.80,-2.70,10.50,8.70,7.30,4.80,18.00,27.60,24.10,,2210.90,23.30,16.80,9.90,3.00,16.70,14.50,12.40,8.90,19.80,18.10,15.10,,80.70,71.00,20.10,13.80,7.60,19.10,17.60,15.80,12.30,22.50,20.70,17.60,,172.90,108.50,22.90,16.20,9.60,17.70,16.90,15.90,13.50,25.70,24.50,20.90,36.60,230.30,48.20,22.30,15.30,8.30,12.10,12.20,12.70,12.20,28.90,20.70,17.50,,263.10,47.30,17.70,10.60,3.50,Gray Luvisols,214.84
10,2005,,,,,,,,,,,,,,,,,,,,,,,,,,,,,,,,,,,,,,,,,,,,,,,,29.40,,9.67,3.57,-2.50,,,,,,,,,69.80,,17.37,10.50,3.63,,,,,,,,,141.07,,20.80,14.60,8.37,,,,,,,,,217.83,,23.37,16.93,10.53,,,,,,,,,270.33,,22.67,15.87,9.03,,,,,,,,,302.33,,17.63,10.87,4.10,,
10,2006,,,,,,,,,366.13,,-8.13,-13.13,-18.13,,,,,,,,,375.67,,-5.70,-11.03,-16.40,,,,,,,,,389.87,,-0.17,-5.40,-10.60,,,,,,,,,419.27,,9.67,3.57,-2.50,,,,,,,,,459.67,,17.37,10.50,3.63,,,,,,,,,530.93,,20.80,14.60,8.37,,,,,,,,,607.70,,23.37,16.93,10.53,,,,,,,,,660.20,,22.67,15.87,9.03,,,,,,,,,692.20,,17.63,10.87,4.10,Black Chernozemics,788.86
10,2007,,,,,,,,,756.00,,-8.13,-13.13,-18.13,,,,,,,,,765.53,,-5.70,-11.03,-16.40,,,,,,,,,779.73,,-0.17,-5.40,-10.60,,,,,,,,,809.13,,9.67,3.57,-2.50,,,,,,,,,849.53,,17.37,10.50,3.63,,,,,,,,,920.80,,20.80,14.60,8.37,,,,,,,,,997.57,,23.37,16.93,10.53,,,,,,,,,1050.07,,22.67,15.87,9.03,,,,,,,,,1082.07,,17.63,10.87,4.10,Black Chernozemics,775.56
10,2008,,,,,,,,,1145.87,,-8.13,-13.13,-18.13,,,,,,,,,1155.80,,-5.57,-10.90,-16.27,,,,,,,,,1170.00,,-0.17,-5.40,-10.60,,,,,,,,,1199.40,,9.67,3.57,-2.50,,,,,,,,,1239.80,,17.37,10.50,3.63,,,,,,,,,1311.07,,20.80,14.60,8.37,,,,,,,,,1387.83,,23.37,16.93,10.53,,,,,,,,,1440.33,,22.67,15.87,9.03,11.87,11.80,11.93,11.80,14.17,17.03,25.40,23.67,1472.33,28.53,17.63,10.87,4.10,Black Chernozemics,848.98
10,2009,-6.97,-5.97,-4.40,-2.07,6.73,11.40,17.70,19.47,1536.13,13.20,-8.13,-13.13,-18.13,-5.93,-5.07,-3.87,-2.17,6.90,11.60,17.90,19.33,1545.67,6.33,-5.70,-11.03,-16.40,-5.80,-5.23,-4.23,-2.60,6.87,11.53,17.70,19.00,1559.87,15.30,-0.17,-5.40,-10.60,2.23,1.27,0.53,-0.20,23.47,22.43,23.20,22.47,1589.27,25.33,9.67,3.57,-2.50,9.90,8.43,7.13,5.10,21.27,26.67,25.80,24.93,1629.67,8.37,17.37,10.50,3.63,15.87,13.93,12.37,9.87,11.30,18.07,23.80,24.43,1700.93,41.17,20.80,14.60,8.37,18.17,16.57,15.00,12.57,16.50,19.33,22.87,23.77,1777.70,52.10,23.37,16.93,10.53,17.03,15.90,14.97,13.30,9.43,15.37,21.53,22.67,1830.20,28.27,22.67,15.87,9.03,14.90,14.30,13.87,12.93,8.17,14.10,20.73,22.10,1862.20,5.00,17.63,10.87,4.10,Black Chernozemics,888.78
10,2010,-5.67,-4.90,-3.53,-1.67,6.67,11.13,17.03,19.33,1926.00,4.30,-8.13,-13.13,-18.13,-4.40,-3.93,-2.97,-1.60,6.87,11.37,17.23,19.30,1935.53,2.57,-5.70,-11.03,-16.40,-0.20,-0.53,-0.53,-0.27,14.17,12.73,17.67,19.67,1949.73,7.13,-0.17,-5.40,-10.60,5.43,4.53,3.80,2.87,20.27,18.03,20.57,20.33,1979.13,51.83,9.67,3.57,-2.50,10.07,9.00,8.10,6.57,19.73,24.33,24.00,25.13,40.40,78.17,17.37,10.50,3.63,15.53,13.77,12.43,10.20,20.83,27.93,29.53,26.00,111.67,92.83,20.80,14.60,8.37,18.07,16.70,15.70,13.53,19.90,26.87,30.20,26.53,188.43,124.63,23.37,16.93,10.53,17.17,16.50,16.07,14.57,21.13,28.50,29.67,26.57,240.93,67.57,22.67,15.87,9.03,10.77,10.73,11.13,11.37,18.47,23.80,28.03,26.23,272.93,37.67,17.63,10.87,4.10,Black Chernozemics,868.93
10,2011,-2.80,-2.43,-1.37,0.13,9.03,14.57,22.80,24.87,336.73,25.80,-8.13,-13.13,-18.13,-3.53,-2.97,-1.90,-0.47,8.80,14.17,22.23,24.60,346.27,9.77,-5.70,-11.03,-16.40,-4.00,-3.77,-2.97,-1.67,8.23,13.47,19.67,23.97,360.47,8.03,-0.17,-5.40,-10.60,2.07,0.83,0.07,-0.13,23.53,28.37,25.50,26.53,389.87,8.90,9.67,3.57,-2.50,11.33,9.40,8.00,5.87,18.43,27.57,27.63,28.67,430.27,7.60,17.37,10.50,3.63,15.97,13.90,12.53,10.27,19.37,24.43,27.97,29.03,501.53,144.37,20.80,14.60,8.37,18.60,17.10,15.93,13.77,26.77,31.33,32.20,33.57,578.30,107.93,23.37,16.93,10.53,17.83,16.80,16.10,14.63,20.13,25.80,30.80,34.53,630.80,31.20,22.67,15.87,9.03,13.93,13.30,13.37,12.93,10.07,16.90,26.33,34.07,662.80,2.00,17.63,10.87,4.10,Black Chernozemics,919.25
10,2012,-4.05,-3.30,-1.60,0.30,8.35,14.95,19.85,28.45,726.60,7.27,-8.13,-13.13,-18.13,-4.50,-3.53,-1.97,-0.40,6.90,12.43,19.50,28.70,736.53,5.40,-5.57,-10.90,-16.27,-0.73,-1.10,-0.87,-0.43,13.97,14.50,20.50,27.77,750.73,20.37,-0.17,-5.40,-10.60,3.60,2.50,1.57,0.90,24.63,21.80,22.87,30.40,780.13,39.90,9.67,3.57,-2.50,9.90,8.10,7.20,5.55,22.05,26.35,27.30,32.90,820.53,81.30,17.37,10.50,3.63,15.60,13.57,12.37,10.10,17.97,26.07,28.57,33.47,891.80,55.60,20.80,14.60,8.37,19.60,17.80,16.23,13.80,24.03,23.67,28.40,33.37,968.57,95.93,23.37,16.93,10.53,17.83,17.23,16.53,14.97,24.27,25.40,27.87,33.20,1021.07,84.13,22.67,15.87,9.03,12.90,12.80,12.93,12.70,14.10,19.70,25.37,32.10,1053.07,16.10,17.63,10.87,4.10,Black Chernozemics,890.40
10,2013,-2.67,-1.87,-0.50,1.10,10.53,14.77,20.37,29.73,1116.87,17.13,-8.13,-13.13,-18.13,-2.73,-2.27,-1.20,0.10,10.07,13.93,20.33,28.50,1126.40,9.43,-5.70,-11.03,-16.40,-2.30,-1.93,-1.10,-0.03,10.27,14.17,20.57,28.43,1140.60,13.37,-0.17,-5.40,-10.60,0.43,0.17,0.13,0.40,23.47,21.87,24.70,29.27,1170.00,26.63,9.67,3.57,-2.50,9.90,8.37,6.97,4.97,22.13,27.27,29.23,32.63,1210.40,12.23,17.37,10.50,3.63,14.47,13.07,11.73,9.67,20.67,24.07,27.70,33.17,1281.67,80.93,20.80,14.60,8.37,17.63,16.47,15.33,13.17,21.37,24.90,27.83,32.90,1358.43,62.50,23.37,16.93,10.53,17.37,16.33,15.43,13.83,17.87,22.50,26.83,32.37,1410.93,59.23,22.67,15.87,9.03,14.10,13.97,13.93,13.37,10.33,16.83,24.33,30.87,1442.93,1.90,17.63,10.87,4.10,Black Chernozemics,964.00
10,2014,-2.93,-1.93,-0.53,1.03,9.77,14.17,20.53,28.73,1506.73,3.60,-8.13,-13.13,-18.13,-6.97,-5.63,-3.40,-0.87,8.13,12.60,18.87,26.90,1516.27,7.53,-5.70,-11.03,-16.40,-3.20,-2.97,-2.17,-1.17,11.30,16.47,20.50,26.07,1530.47,4.73,-0.17,-5.40,-10.60,1.40,0.47,0.07,0.03,24.40,23.57,23.03,27.47,1559.87,51.80,9.67,3.57,-2.50,8.53,7.23,6.20,4.50,27.93,31.43,25.20,29.57,1600.27,44.53,17.37,10.50,3.63,14.50,13.17,11.87,9.63,28.93,31.67,30.97,31.10,1671.53,105.37,20.80,14.60,8.37,18.23,17.00,15.77,13.43,27.90,31.87,32.07,32.53,1748.30,105.70,23.37,16.93,10.53,17.17,16.57,15.97,14.47,16.77,23.87,29.33,32.37,1800.80,23.67,22.67,15.87,9.03,11.77,11.83,12.03,12.00,15.20,18.63,25.70,31.77,1832.80,29.23,17.63,10.87,4.10,Black Chernozemics,865.93
10,2015,-1.70,-1.23,-0.10,1.37,12.73,16.03,22.97,30.27,1896.60,12.90,-8.13,-13.13,-18.13,-2.30,-1.20,0.10,1.30,9.00,11.30,24.00,35.70,1906.13,19.17,-5.70,-11.03,-16.40,-0.70,-0.90,-0.50,0.37,18.77,17.50,23.47,29.37,1920.33,24.40,-0.17,-5.40,-10.60,3.67,2.90,2.27,1.90,30.17,29.63,26.67,31.63,1949.73,8.13,9.67,3.57,-2.50,9.67,8.50,7.50,6.03,18.10,26.33,26.53,31.90,1990.13,11.03,17.37,10.50,3.63,15.20,13.57,12.03,10.00,14.10,19.13,25.00,31.47,71.27,34.60,20.80,14.60,8.37,18.13,17.00,15.43,13.30,19.87,20.00,23.83,30.73,148.03,86.73,23.37,16.93,10.53,16.80,16.17,15.27,13.93,15.50,19.80,23.23,30.13,200.53,37.40,22.67,15.87,9.03,11.83,12.03,12.23,12.17,25.20,22.43,22.27,29.37,232.53,68.23,17.63,10.87,4.10,Black Chernozemics,913.09
11,2005,,,,,,,,,,,,,,,,,,,,,,,,,,,,,,,,,,,,,,,,,,,,,,,,28.17,,10.23,4.20,-1.87,,,,,,,,,83.57,,16.93,10.33,3.73,,,,,,,,,167.20,,20.27,14.17,8.07,,,,,,,,,265.00,,22.93,16.60,10.33,,,,,,,,,325.37,,22.10,15.57,9.00,,,,,,,,,365.77,,17.30,10.80,4.30,,
11,2006,,,,,,,,,445.83,,-5.00,-10.27,-15.50,,,,,,,,,458.97,,-2.30,-7.97,-13.67,,,,,,,,,476.67,,2.20,-3.43,-9.13,,,,,,,,,504.83,,10.23,4.20,-1.87,,,,,,,,,560.23,,16.93,10.33,3.73,,,,,,,,,643.87,,20.27,14.17,8.07,,,,,,,,,741.67,,22.93,16.60,10.33,,,,,,,,,802.03,,22.10,15.57,9.00,,,,,,,,,842.43,,17.30,10.80,4.30,Gray Luvisols,281.94
11,2007,,,,,,,,,922.50,,-5.00,-10.27,-15.50,,,,,,,,,935.63,,-2.30,-7.97,-13.67,,,,,,,,,953.33,,2.20,-3.43,-9.13,,,,,,,,,981.50,,10.23,4.20,-1.87,,,,,,,,,1036.90,,16.93,10.33,3.73,,,,,,,,,1120.53,,20.27,14.17,8.07,,,,,,,,,1218.33,,22.93,16.60,10.33,,,,,,,,,1278.70,,22.10,15.57,9.00,,,,,,,,,1319.10,,17.30,10.80,4.30,Gray Luvisols,335.79
11,2008,,,,,,,,,1399.17,,-5.00,-10.27,-15.50,,,,,,,,,1412.83,,-2.10,-7.83,-13.53,,,,,,,,,1430.53,,2.20,-3.43,-9.13,,,,,,,,,1458.70,,10.23,4.20,-1.87,,,,,,,,,1514.10,,16.93,10.33,3.73,,,,,,,,,1597.73,,20.27,14.17,8.07,,,,,,,,,1695.53,,22.93,16.60,10.33,,,,,,,,,1755.90,,22.10,15.57,9.00,11.80,12.10,12.25,12.10,23.45,33.90,32.20,35.75,1796.30,22.20,17.30,10.80,4.30,Gray Luvisols,343.45
11,2009,-3.70,-2.35,-1.15,0.65,13.55,29.05,29.25,35.10,1876.37,17.50,-5.00,-10.27,-15.50,-3.40,-1.90,-1.15,0.20,13.80,29.25,29.15,35.05,1889.50,13.25,-2.30,-7.97,-13.67,-3.10,-1.90,-1.20,-0.10,13.85,29.15,28.95,35.05,1907.20,16.45,2.20,-3.43,-9.13,2.20,1.75,1.00,0.80,31.75,35.30,34.90,35.05,1935.37,21.30,10.23,4.20,-1.87,8.35,7.55,5.75,4.30,33.85,36.75,37.00,35.50,1990.77,25.65,16.93,10.33,3.73,13.70,12.70,10.40,8.30,22.80,35.50,36.30,35.85,2074.40,40.80,20.27,14.17,8.07,17.15,16.15,13.70,11.45,27.85,36.25,36.35,35.60,2172.20,91.35,22.93,16.60,10.33,16.75,16.35,15.05,13.45,26.05,35.90,35.65,35.70,2232.57,46.35,22.10,15.57,9.00,13.60,13.80,13.55,12.80,17.55,33.25,34.05,35.65,2272.97,7.60,17.30,10.80,4.30,Gray Luvisols,355.28
11,2010,-2.50,-2.00,-0.80,0.40,17.70,32.30,29.00,34.60,2353.03,6.70,-5.00,-10.27,-15.50,-2.10,-1.70,-0.90,0.10,17.90,32.40,28.70,34.40,2366.17,1.35,-2.30,-7.97,-13.67,-0.40,-0.30,0.15,0.85,28.65,32.70,31.15,36.50,2383.87,3.85,2.20,-3.43,-9.13,4.60,4.10,3.05,2.40,34.55,37.50,32.25,37.70,2412.03,33.30,10.23,4.20,-1.87,8.60,8.00,6.70,5.50,35.15,37.85,33.75,36.90,55.40,95.50,16.93,10.33,3.73,14.15,13.00,10.60,8.60,32.60,37.95,35.95,37.20,139.03,71.30,20.27,14.17,8.07,17.00,16.15,14.15,12.15,33.45,37.70,35.90,37.35,236.83,112.73,22.93,16.60,10.33,17.15,16.75,15.55,13.95,32.30,37.55,35.80,37.40,297.20,66.10,22.10,15.57,9.00,10.70,11.05,11.55,11.75,36.70,37.95,36.80,37.30,337.60,55.40,17.30,10.80,4.30,Gray Luvisols,297.30
11,2011,-1.30,-0.90,0.63,0.73,23.43,32.73,34.90,36.13,417.67,53.43,-5.00,-10.27,-15.50,-1.03,-0.63,0.47,0.60,24.90,33.23,34.80,36.13,430.80,16.27,-2.30,-7.97,-13.67,-1.40,-1.03,0.17,0.20,23.50,32.63,34.53,36.10,448.50,18.40,2.20,-3.43,-9.13,0.90,0.37,0.47,0.53,34.30,35.87,35.17,36.13,476.67,18.13,10.23,4.20,-1.87,11.50,9.97,6.27,6.20,35.67,38.83,38.27,36.50,532.07,34.00,16.93,10.33,3.73,15.13,13.97,10.53,10.47,35.43,39.00,38.37,37.50,615.70,147.70,20.27,14.17,8.07,16.93,16.13,13.37,13.13,37.83,39.47,38.97,38.10,713.50,122.23,22.93,16.60,10.33,17.07,16.50,14.30,13.97,30.43,38.10,38.67,38.30,773.87,26.13,22.10,15.57,9.00,13.15,13.35,12.70,13.05,21.27,34.37,37.70,38.10,814.27,8.67,17.30,10.80,4.30,Gray Luvisols,300.92
11,2012,-3.57,-2.43,0.37,0.33,15.67,30.27,33.57,37.33,894.33,9.60,-5.00,-10.27,-15.50,-3.70,-2.93,-0.70,-0.67,14.30,28.77,32.47,36.83,908.00,11.73,-2.10,-7.83,-13.53,-1.20,-1.13,-0.67,-0.33,19.47,30.37,32.87,36.40,925.70,21.17,2.20,-3.43,-9.13,3.10,2.10,0.80,0.83,37.17,38.83,38.43,36.77,953.87,58.30,10.23,4.20,-1.87,10.13,8.95,7.37,5.20,27.73,37.13,38.03,38.30,1009.27,45.30,16.93,10.33,3.73,14.90,13.25,11.93,8.75,26.37,35.63,35.70,38.37,1092.90,69.03,20.27,14.17,8.07,18.50,16.80,15.00,12.05,32.67,37.50,37.83,38.40,1190.70,186.93,22.93,16.60,10.33,17.37,17.07,15.77,13.93,33.50,39.27,39.03,38.43,1251.07,64.53,22.10,15.57,9.00,12.20,12.60,12.70,12.40,26.80,36.93,37.83,38.30,1291.47,19.60,17.30,10.80,4.30,Gray Luvisols,330.70
11,2013,-0.70,-0.23,0.73,2.07,24.80,34.40,36.00,37.37,1371.53,24.87,-5.00,-10.27,-15.50,-0.93,-0.53,0.27,1.40,24.53,33.90,35.93,37.30,1384.67,6.60,-2.30,-7.97,-13.67,-0.67,-0.37,0.27,1.30,23.83,33.73,35.97,37.30,1402.37,29.47,2.20,-3.43,-9.13,0.63,0.47,0.57,1.13,33.77,36.23,37.07,37.50,1430.53,28.17,10.23,4.20,-1.87,10.30,8.90,6.53,4.53,33.17,38.77,38.13,37.97,1485.93,53.40,16.93,10.33,3.73,13.63,12.70,10.57,8.23,33.63,39.03,38.47,38.13,1569.57,67.27,20.27,14.17,8.07,16.50,15.97,14.03,11.63,29.03,38.20,38.33,38.30,1667.37,62.50,22.93,16.60,10.33,16.27,15.77,14.37,12.70,24.60,36.10,37.43,38.27,1727.73,61.73,22.10,15.57,9.00,13.15,13.50,13.30,12.60,21.40,34.30,37.03,38.13,1768.13,4.67,17.30,10.80,4.30,Gray Luvisols,356.50
11,2014,0.43,0.93,1.87,3.00,28.23,34.43,34.87,37.20,1848.20,16.60,-5.00,-10.27,-15.50,-1.27,-0.43,0.70,2.13,21.77,34.30,35.20,37.20,1861.33,6.37,-2.30,-7.97,-13.67,-1.17,-0.90,-0.07,1.10,22.60,32.40,36.03,37.23,1879.03,22.83,2.20,-3.43,-9.13,1.60,1.27,0.93,1.27,32.73,35.87,37.70,37.40,1907.20,38.67,10.23,4.20,-1.87,8.50,7.60,5.90,4.40,32.43,38.87,39.93,37.83,1962.60,44.00,16.93,10.33,3.73,13.80,12.85,10.90,8.50,30.17,38.27,39.33,37.90,2046.23,79.10,20.27,14.17,8.07,17.30,16.20,14.30,11.75,28.53,36.40,37.53,38.00,2144.03,95.00,22.93,16.60,10.33,17.35,16.80,15.50,13.45,23.50,36.63,37.40,38.10,2204.40,40.13,22.10,15.57,9.00,12.05,12.25,12.25,11.95,25.30,35.40,37.35,39.20,2244.80,38.73,17.30,10.80,4.30,Gray Luvisols,326.11
11,2015,-0.75,-0.20,0.85,2.35,22.27,32.40,34.23,37.30,2324.87,26.93,-5.00,-10.27,-15.50,-0.55,-0.15,0.60,1.80,23.17,32.60,34.20,37.30,2338.00,21.97,-2.30,-7.97,-13.67,-0.30,-0.15,0.40,1.45,25.70,32.40,34.10,37.57,2355.70,21.83,2.20,-3.43,-9.13,3.50,3.10,2.55,2.40,34.67,36.27,36.47,37.77,2383.87,17.57,10.23,4.20,-1.87,9.40,8.45,6.95,5.40,27.03,36.53,37.20,37.93,2439.27,20.13,16.93,10.33,3.73,15.05,13.65,11.50,9.05,20.00,32.50,37.25,39.30,83.63,31.63,20.27,14.17,8.07,17.63,16.53,15.60,12.00,24.17,34.00,34.87,37.47,181.43,67.57,22.93,16.60,10.33,16.70,16.20,14.97,13.20,22.17,32.63,34.73,37.23,241.80,34.97,22.10,15.57,9.00,11.20,11.57,11.70,11.50,31.80,37.00,34.17,36.80,282.20,75.80,17.30,10.80,4.30,Gray Luvisols,367.43
12,2005,,,,,,,,,,,,,,,,,,,,,,,,,,,,,,,,,,,,,,,,,,,,,,,,31.00,,9.10,2.93,-3.20,,,,,,,,,71.47,,16.80,9.87,2.97,,,,,,,,,149.17,,20.43,14.13,7.77,,,,,,,,,228.97,,22.90,16.53,10.20,,,,,,,,,281.57,,22.00,15.27,8.53,,,,,,,,,314.00,,16.70,10.13,3.50,,
12,2006,,,,,,,,,383.67,,-9.27,-14.50,-19.73,,,,,,,,,394.67,,-6.27,-12.10,-17.93,,,,,,,,,410.07,,-0.23,-5.97,-11.70,,,,,,,,,441.07,,9.10,2.93,-3.20,,,,,,,,,481.53,,16.80,9.87,2.97,,,,,,,,,559.23,,20.43,14.13,7.77,,,,,,,,,639.03,,22.90,16.53,10.20,,,,,,,,,691.63,,22.00,15.27,8.53,,,,,,,,,724.07,,16.70,10.13,3.50,"Gray Luvisols, Organics",73.93
12,2007,,,,,,,,,793.73,,-9.27,-14.50,-19.73,,,,,,,,,804.73,,-6.27,-12.10,-17.93,,,,,,,,,820.13,,-0.23,-5.97,-11.70,,,,,,,,,851.13,,9.10,2.93,-3.20,,,,,,,,,891.60,,16.80,9.87,2.97,,,,,,,,,969.30,,20.43,14.13,7.77,,,,,,,,,1049.10,,22.90,16.53,10.20,,,,,,,,,1101.70,,22.00,15.27,8.53,,,,,,,,,1134.13,,16.70,10.13,3.50,"Gray Luvisols, Organics",61.79
12,2008,,,,,,,,,1203.80,,-9.27,-14.50,-19.73,,,,,,,,,1215.03,,-6.07,-11.93,-17.73,,,,,,,,,1230.43,,-0.23,-5.97,-11.70,,,,,,,,,1261.43,,9.10,2.93,-3.20,,,,,,,,,1301.90,,16.80,9.87,2.97,,,,,,,,,1379.60,,20.43,14.13,7.77,,,,,,,,,1459.40,,22.90,16.53,10.20,,,,,,,,,1512.00,,22.00,15.27,8.53,11.53,11.73,11.83,11.90,11.63,18.57,28.53,28.80,1544.43,11.90,16.70,10.13,3.50,"Gray Luvisols, Organics",84.03
12,2009,-6.07,-5.03,-3.63,-2.60,7.33,12.77,23.93,25.80,1614.10,16.43,-9.27,-14.50,-19.73,-4.87,-4.13,-3.13,-2.55,7.60,13.07,24.07,25.80,1625.10,8.63,-6.27,-12.10,-17.93,-4.27,-3.77,-3.10,-2.70,7.67,13.13,24.07,25.60,1640.50,20.07,-0.23,-5.97,-11.70,0.97,0.33,-0.47,-0.80,24.43,25.53,27.40,26.20,1671.50,40.27,9.10,2.93,-3.20,9.77,8.30,6.23,4.70,25.10,29.63,31.47,27.50,1711.97,9.03,16.80,9.87,2.97,15.63,13.90,11.63,10.05,13.30,21.43,29.83,28.43,1789.67,49.27,20.43,14.13,7.77,17.50,16.20,14.27,12.37,18.80,23.33,29.33,28.90,1869.47,61.27,22.90,16.53,10.20,16.60,15.67,14.47,13.37,9.67,17.67,28.63,28.90,1922.07,19.50,22.00,15.27,8.53,14.30,14.13,13.67,13.03,10.33,16.90,27.90,28.70,1954.50,19.90,16.70,10.13,3.50,"Gray Luvisols, Organics",65.35
12,2010,-6.47,-5.63,-4.17,-2.25,7.70,12.53,23.00,25.00,2024.17,3.90,-9.27,-14.50,-19.73,-5.20,-4.77,-3.87,-2.55,7.97,12.80,23.10,24.80,2035.17,2.37,-6.27,-12.10,-17.93,-0.97,-1.30,-1.60,-1.30,15.93,15.30,24.20,25.37,2050.57,19.67,-0.23,-5.97,-11.70,4.40,3.53,2.30,1.75,31.17,27.07,27.80,26.37,2081.57,56.10,9.10,2.93,-3.20,9.67,8.67,7.20,6.00,28.60,29.97,32.83,27.30,40.47,51.63,16.80,9.87,2.97,15.87,14.20,11.90,9.90,24.43,27.17,32.63,30.33,118.17,80.80,20.43,14.13,7.77,18.15,17.30,15.60,13.75,22.05,27.40,32.30,31.40,197.97,85.33,22.90,16.53,10.20,16.85,16.50,15.70,14.55,22.35,26.40,31.50,31.25,250.57,72.07,22.00,15.27,8.53,9.93,10.43,11.03,11.40,28.40,27.47,30.17,30.53,283.00,35.50,16.70,10.13,3.50,"Gray Luvisols, Organics",71.98
12,2011,-3.33,-2.77,-1.90,-0.80,9.30,14.77,25.53,27.30,352.67,24.10,-9.27,-14.50,-19.73,-3.83,-3.10,-2.17,-1.30,9.30,14.60,25.23,26.93,363.67,10.47,-6.27,-12.10,-17.93,-4.00,-3.60,-2.93,-2.25,9.07,14.20,24.13,26.13,379.07,6.00,-0.23,-5.97,-11.70,1.40,0.47,-0.43,-0.75,29.57,26.57,26.27,26.83,410.07,23.60,9.10,2.93,-3.20,11.07,9.43,7.30,5.23,24.90,29.27,30.27,29.07,450.53,4.10,16.80,9.87,2.97,15.70,14.27,12.33,10.33,22.77,26.53,31.47,29.83,528.23,123.70,20.43,14.13,7.77,17.23,16.37,15.10,13.37,30.97,31.27,34.17,31.53,608.03,130.07,22.90,16.53,10.20,16.05,15.60,14.90,13.90,21.05,28.05,33.10,33.00,660.63,48.40,22.00,15.27,8.53,12.23,12.43,12.50,12.37,12.33,20.47,30.90,31.93,693.07,11.60,16.70,10.13,3.50,"Gray Luvisols, Organics",95.43
12,2012,-6.63,-4.80,-2.67,-0.80,7.17,13.00,24.80,27.97,762.73,11.97,-9.27,-14.50,-19.73,-6.63,-5.27,-3.83,-2.35,6.90,12.47,23.83,25.97,773.97,4.47,-6.07,-11.93,-17.73,-2.20,-2.37,-2.27,-1.90,11.50,14.07,24.70,26.10,789.37,20.43,-0.23,-5.97,-11.70,2.17,1.40,0.17,-0.40,28.20,23.43,27.13,27.60,820.37,45.77,9.10,2.93,-3.20,9.03,7.83,5.87,4.10,29.37,30.27,30.07,30.67,860.83,55.47,16.80,9.87,2.97,15.20,13.73,11.67,9.67,16.70,23.10,31.20,32.10,938.53,59.07,20.43,14.13,7.77,18.25,17.20,15.15,13.35,25.45,24.15,29.45,31.90,1018.33,125.80,22.90,16.53,10.20,16.30,16.00,15.30,14.23,23.40,25.43,30.77,32.27,1070.93,70.67,22.00,15.27,8.53,11.47,11.77,12.10,12.13,21.17,23.67,30.47,31.83,1103.37,29.90,16.70,10.13,3.50,"Gray Luvisols, Organics",110.90
12,2013,-3.17,-2.37,-1.13,0.05,9.53,15.20,26.17,29.27,1173.03,22.43,-9.27,-14.50,-19.73,-2.70,-2.23,-1.43,-0.33,9.53,15.03,25.83,28.37,1184.03,16.37,-6.27,-12.10,-17.93,-2.33,-1.93,-1.30,-0.40,9.73,15.23,25.83,28.27,1199.43,11.00,-0.23,-5.97,-11.70,-0.33,-0.43,-0.53,-0.13,22.43,22.30,28.90,29.03,1230.43,21.73,9.10,2.93,-3.20,8.97,7.47,5.33,3.87,25.80,29.30,32.87,31.87,1270.90,8.83,16.80,9.87,2.97,14.17,12.97,11.07,9.30,17.87,21.97,32.20,32.60,1348.60,60.67,20.43,14.13,7.77,16.67,15.63,14.00,12.40,18.63,20.17,31.03,32.13,1428.40,72.30,22.90,16.53,10.20,16.03,15.27,14.13,13.00,18.67,20.33,30.30,31.80,1481.00,73.17,22.00,15.27,8.53,12.77,13.03,13.13,12.83,12.30,18.40,29.57,31.50,1513.43,0.87,16.70,10.13,3.50,"Gray Luvisols, Organics",159.70
12,2014,-2.40,-1.57,-0.50,0.50,10.43,15.30,26.43,29.10,1583.10,8.17,-9.27,-14.50,-19.73,-4.53,-3.33,-1.83,-0.55,8.83,14.30,25.37,28.87,1594.10,11.53,-6.27,-12.10,-17.93,-3.37,-2.73,-1.93,-1.05,10.73,14.80,25.20,27.83,1609.50,2.40,-0.23,-5.97,-11.70,0.43,-0.03,-0.57,-0.35,25.97,21.47,26.60,28.23,1640.50,52.00,9.10,2.93,-3.20,7.67,6.77,5.27,3.85,32.57,31.03,33.17,30.00,1680.97,56.60,16.80,9.87,2.97,13.60,12.60,10.93,9.17,32.43,32.03,35.03,32.57,1758.67,116.83,20.43,14.13,7.77,16.83,15.90,14.47,12.73,22.60,26.47,33.77,34.13,1838.47,68.37,22.90,16.53,10.20,15.90,15.53,14.83,13.80,13.37,20.83,31.80,33.57,1891.07,21.77,22.00,15.27,8.53,10.57,11.03,11.43,11.57,14.97,19.07,30.17,32.87,1923.50,32.87,16.70,10.13,3.50,"Gray Luvisols, Organics",115.50
12,2015,-2.03,-1.17,-0.10,1.10,10.83,16.60,27.67,31.27,1993.17,16.37,-9.27,-14.50,-19.73,-3.50,-2.40,-1.07,0.30,9.43,15.13,26.60,30.70,2004.17,17.00,-6.27,-12.10,-17.93,-1.27,-1.13,-0.83,0.00,16.20,18.30,27.47,30.10,2019.57,15.27,-0.23,-5.97,-11.70,2.30,1.77,1.13,1.05,30.27,27.70,29.53,31.47,2050.57,18.40,9.10,2.93,-3.20,8.20,7.37,6.13,5.13,24.47,27.03,30.30,31.93,2091.03,24.37,16.80,9.87,2.97,13.67,12.37,10.70,9.13,14.37,19.53,30.17,32.07,77.70,36.77,20.43,14.13,7.77,17.10,16.00,14.30,12.57,18.70,21.53,29.57,31.70,157.50,73.43,22.90,16.53,10.20,16.55,16.05,15.00,14.05,16.45,17.30,29.00,30.50,210.10,37.23,22.00,15.27,8.53,10.40,10.97,11.50,11.70,25.37,25.13,28.87,31.17,242.53,61.30,16.70,10.13,3.50,"Gray Luvisols, Organics",87.13
17,2005,,,,,,,,,,,,,,,,,,,,,,,,,,,,,,,,,,,,,,,,,,,,,,,,23.30,,9.53,3.03,-3.47,,,,,,,,,60.43,,16.83,9.90,2.97,,,,,,,,,137.93,,20.60,14.20,7.87,,,,,,,,,219.07,,22.70,16.37,10.00,,,,,,,,,270.40,,21.67,15.00,8.37,,,,,,,,,305.07,,16.40,9.80,3.17,,
17,2006,,,,,,,,,381.33,,-10.00,-15.43,-20.80,,,,,,,,,393.60,,-6.10,-12.37,-18.63,,,,,,,,,407.30,,0.20,-6.20,-12.63,,,,,,,,,430.60,,9.53,3.03,-3.47,,,,,,,,,467.73,,16.83,9.90,2.97,,,,,,,,,545.23,,20.60,14.20,7.87,,,,,,,,,626.37,,22.70,16.37,10.00,,,,,,,,,677.70,,21.67,15.00,8.37,,,,,,,,,712.37,,16.40,9.80,3.17,"Gray Luvisols, Organics",208.52
17,2007,,,,,,,,,788.63,,-10.00,-15.43,-20.80,,,,,,,,,800.90,,-6.10,-12.37,-18.63,,,,,,,,,814.60,,0.20,-6.20,-12.63,,,,,,,,,837.90,,9.53,3.03,-3.47,,,,,,,,,875.03,,16.83,9.90,2.97,,,,,,,,,952.53,,20.60,14.20,7.87,,,,,,,,,1033.67,,22.70,16.37,10.00,,,,,,,,,1085.00,,21.67,15.00,8.37,,,,,,,,,1119.67,,16.40,9.80,3.17,"Gray Luvisols, Organics",158.74
17,2008,,,,,,,,,1195.93,,-10.00,-15.43,-20.80,,,,,,,,,1208.33,,-5.90,-12.17,-18.50,,,,,,,,,1222.03,,0.20,-6.20,-12.63,,,,,,,,,1245.33,,9.53,3.03,-3.47,,,,,,,,,1282.47,,16.83,9.90,2.97,,,,,,,,,1359.97,,20.60,14.20,7.87,,,,,,,,,1441.10,,22.70,16.37,10.00,,,,,,,,,1492.43,,21.67,15.00,8.37,11.45,11.60,11.80,11.60,21.10,21.65,23.80,26.65,1527.10,37.90,16.40,9.80,3.17,"Gray Luvisols, Organics",270.62
17,2009,-4.10,-3.30,-2.40,-0.80,10.80,8.50,11.20,12.10,1603.37,18.33,-10.00,-15.43,-20.80,-3.30,-2.70,-1.65,-0.35,14.05,16.70,19.95,22.55,1615.63,9.50,-6.10,-12.37,-18.63,-3.10,-2.75,-1.85,-0.60,14.10,16.65,19.80,20.90,1629.33,13.07,0.20,-6.20,-12.63,1.70,0.90,0.15,-0.05,30.30,27.70,21.80,22.15,1652.63,19.33,9.53,3.03,-3.47,9.05,7.55,5.50,3.35,30.25,31.70,25.10,25.60,1689.77,21.90,16.83,9.90,2.97,15.05,13.30,11.10,8.50,20.50,23.20,25.00,25.80,1767.27,41.33,20.60,14.20,7.87,17.95,16.50,14.40,11.85,22.75,21.35,24.55,25.45,1848.40,69.00,22.70,16.37,10.00,17.15,16.35,15.05,13.25,19.30,21.00,24.00,24.45,1899.73,36.00,21.67,15.00,8.37,14.05,14.00,13.65,12.70,18.60,20.55,23.55,24.25,1934.40,29.23,16.40,9.80,3.17,"Gray Luvisols, Organics",280.14
17,2010,-6.25,-5.50,-3.90,-1.75,12.40,15.25,18.50,20.75,2010.67,11.60,-10.00,-15.43,-20.80,-4.60,-4.15,-3.20,-1.70,12.95,15.65,18.65,19.65,2022.93,2.17,-6.10,-12.37,-18.63,-1.45,-1.60,-1.60,-1.05,24.05,22.45,23.80,19.90,2036.63,10.10,0.20,-6.20,-12.63,4.10,2.90,1.55,0.55,35.95,33.35,29.30,21.20,2059.93,32.73,9.53,3.03,-3.47,8.70,7.65,5.95,4.05,32.10,31.80,29.40,23.45,37.13,52.43,16.83,9.90,2.97,14.75,13.25,11.00,8.55,25.80,27.10,28.30,24.20,114.63,47.30,20.60,14.20,7.87,17.60,16.50,15.40,13.40,21.20,17.30,19.60,14.60,195.77,80.37,22.70,16.37,10.00,16.80,16.20,15.50,14.10,23.00,12.60,18.10,14.70,247.10,68.53,21.67,15.00,8.37,10.30,10.55,10.80,10.80,27.00,26.80,24.85,24.65,281.77,29.00,16.40,9.80,3.17,"Gray Luvisols, Organics",290.77
17,2011,-3.40,-2.85,-1.85,-0.35,14.35,17.65,20.95,23.30,358.03,29.77,-10.00,-15.43,-20.80,-2.95,-2.45,-1.60,-0.50,14.70,17.85,21.00,23.15,370.30,13.03,-6.10,-12.37,-18.63,-3.40,-3.05,-2.15,-0.80,14.15,17.45,20.30,21.70,384.00,6.80,0.20,-6.20,-12.63,0.95,0.20,-0.40,-0.45,31.90,28.60,27.45,22.05,407.30,27.17,9.53,3.03,-3.47,10.75,9.00,6.60,4.55,27.80,31.70,32.10,26.35,444.43,7.60,16.83,9.90,2.97,14.85,13.30,11.30,9.10,28.30,28.35,30.10,27.55,521.93,96.30,20.60,14.20,7.87,16.60,15.70,14.20,12.25,33.45,33.40,32.70,29.80,603.07,125.97,22.70,16.37,10.00,16.20,15.50,14.50,13.05,26.20,27.05,30.20,29.65,654.40,35.73,21.67,15.00,8.37,12.35,12.35,12.15,11.70,21.35,22.65,27.95,29.05,689.07,22.50,16.40,9.80,3.17,"Gray Luvisols, Organics",278.39
17,2012,-5.95,-4.25,-2.20,-0.30,12.80,17.50,23.10,24.25,765.33,15.60,-10.00,-15.43,-20.80,-5.40,-4.25,-2.75,-1.25,12.55,17.10,20.90,23.55,777.73,7.43,-5.90,-12.17,-18.50,-1.90,-1.90,-1.50,-0.85,16.45,19.15,21.50,23.60,791.43,12.73,0.20,-6.20,-12.63,2.35,1.35,0.40,-0.10,37.65,34.75,25.25,25.30,814.73,36.63,9.53,3.03,-3.47,8.25,6.55,4.30,2.70,32.55,33.80,31.65,28.30,851.87,35.67,16.83,9.90,2.97,14.70,12.85,10.50,7.90,22.95,26.85,29.40,28.55,929.37,36.50,20.60,14.20,7.87,18.55,17.00,14.70,11.90,25.95,24.75,27.35,28.55,1010.50,100.93,22.70,16.37,10.00,17.10,16.35,15.10,13.30,22.25,23.80,26.90,28.40,1061.83,34.43,21.67,15.00,8.37,12.25,12.25,12.05,11.55,19.50,22.05,26.10,28.00,1096.50,18.87,16.40,9.80,3.17,"Gray Luvisols, Organics",275.40
17,2013,-3.05,-2.10,-0.90,0.35,14.35,18.45,24.20,26.85,1172.77,25.67,-10.00,-15.43,-20.80,-2.50,-1.85,-0.95,0.10,14.45,18.40,23.50,26.65,1185.03,13.40,-6.10,-12.37,-18.63,-2.20,-1.65,-0.90,0.00,14.65,18.45,23.30,26.65,1198.73,19.93,0.20,-6.20,-12.63,-0.20,-0.35,-0.25,0.20,27.05,27.20,25.30,27.15,1222.03,25.93,9.53,3.03,-3.47,9.50,7.45,4.95,3.50,30.55,32.95,32.55,29.95,1259.17,21.10,16.83,9.90,2.97,14.55,13.05,10.85,8.55,28.20,27.60,30.15,29.40,1336.67,67.20,20.60,14.20,7.87,16.65,15.40,13.70,11.55,26.65,25.70,28.70,29.30,1417.80,82.63,22.70,16.37,10.00,16.25,15.30,13.95,12.30,21.65,25.75,28.25,29.10,1469.13,50.43,21.67,15.00,8.37,13.00,13.10,12.80,12.05,21.35,22.55,27.50,28.90,1503.80,15.53,16.40,9.80,3.17,"Gray Luvisols, Organics",443.70
17,2014,-1.87,-1.30,-0.30,0.90,14.97,20.23,26.20,27.93,1580.07,10.63,-10.00,-15.43,-20.80,-3.70,-2.70,-1.17,0.27,13.07,18.90,25.40,27.27,1592.33,7.07,-6.10,-12.37,-18.63,-2.70,-2.17,-1.27,-0.17,15.57,19.93,24.90,25.40,1606.03,4.57,0.20,-6.20,-12.63,0.80,0.10,-0.13,-0.03,28.87,27.00,26.90,25.90,1629.33,33.00,9.53,3.03,-3.47,8.77,7.43,5.60,3.70,30.90,32.90,31.03,28.33,1666.47,27.73,16.83,9.90,2.97,15.77,14.27,12.17,9.37,28.50,31.80,30.97,28.80,1743.97,75.67,20.60,14.20,7.87,19.00,17.77,15.87,13.20,24.60,27.67,30.97,29.53,1825.10,70.20,22.70,16.37,10.00,16.90,16.10,14.80,13.05,23.55,25.45,28.95,29.30,1876.43,29.87,21.67,15.00,8.37,10.90,11.00,11.10,10.80,18.50,21.70,26.45,28.60,1911.10,30.37,16.40,9.80,3.17,"Gray Luvisols, Organics",443.32
17,2015,-2.00,-1.25,-0.25,1.05,13.87,19.20,24.47,26.43,1987.37,17.43,-10.00,-15.43,-20.80,-6.47,-5.83,-5.00,-4.13,12.80,18.63,24.20,26.23,1999.63,21.80,-6.10,-12.37,-18.63,-0.47,-0.40,-0.17,0.30,19.23,21.00,24.23,25.53,2013.33,14.20,0.20,-6.20,-12.63,5.50,5.07,4.73,4.53,32.43,31.00,25.60,26.57,2036.63,16.53,9.53,3.03,-3.47,8.30,7.20,5.95,4.55,26.27,30.77,27.23,27.43,2073.77,16.90,16.83,9.90,2.97,14.20,12.45,10.35,8.25,16.00,22.33,26.67,27.30,77.50,27.37,20.60,14.20,7.87,17.60,16.00,13.95,11.50,20.10,21.20,26.65,28.25,158.63,45.73,22.70,16.37,10.00,17.37,16.67,15.50,13.80,18.73,21.80,25.93,26.97,209.97,40.07,21.67,15.00,8.37,10.45,10.85,11.05,10.85,23.70,21.15,25.90,27.65,244.63,30.70,16.40,9.80,3.17,"Gray Luvisols, Organics",340.03
19,2005,,,,,,,,,,,,,,,,,,,,,,,,,,,,,,,,,,,,,,,,,,,,,,,,16.60,,8.80,2.90,-3.00,,,,,,,,,51.70,,16.60,9.80,3.10,,,,,,,,,111.10,,20.20,13.90,7.50,,,,,,,,,178.00,,22.20,15.70,9.20,,,,,,,,,219.70,,21.30,14.50,7.70,,,,,,,,,250.80,,16.20,9.60,3.10,,
19,2006,,,,,,,,,343.60,,-8.90,-14.30,-19.70,,,,,,,,,359.40,,-5.60,-11.50,-17.40,,,,,,,,,376.70,,-0.30,-6.30,-12.20,,,,,,,,,393.30,,8.80,2.90,-3.00,,,,,,,,,428.40,,16.60,9.80,3.10,,,,,,,,,487.80,,20.20,13.90,7.50,,,,,,,,,554.70,,22.20,15.70,9.20,,,,,,,,,596.40,,21.30,14.50,7.70,,,,,,,,,627.50,,16.20,9.60,3.10,Gray Luvisols,495.75
19,2007,,,,,,,,,720.30,,-8.90,-14.30,-19.70,,,,,,,,,736.10,,-5.60,-11.50,-17.40,,,,,,,,,753.40,,-0.30,-6.30,-12.20,,,,,,,,,770.00,,8.80,2.90,-3.00,,,,,,,,,805.10,,16.60,9.80,3.10,,,,,,,,,864.50,,20.20,13.90,7.50,,,,,,,,,931.40,,22.20,15.70,9.20,,,,,,,,,973.10,,21.30,14.50,7.70,,,,,,,,,1004.20,,16.20,9.60,3.10,Gray Luvisols,397.79
19,2008,,,,,,,,,1097.00,,-8.90,-14.30,-19.70,,,,,,,,,1113.30,,-5.40,-11.30,-17.30,,,,,,,,,1130.60,,-0.30,-6.30,-12.20,,,,,,,,,1147.20,,8.80,2.90,-3.00,,,,,,,,,1182.30,,16.60,9.80,3.10,,,,,,,,,1241.70,,20.20,13.90,7.50,,,,,,,,,1308.60,,22.20,15.70,9.20,,,,,,,,,1350.30,,21.30,14.50,7.70,10.60,10.90,11.10,11.10,19.00,11.00,25.90,25.40,1381.40,36.30,16.20,9.60,3.10,Gray Luvisols,474.85
19,2009,-4.40,-3.60,-2.70,-0.90,8.40,9.40,22.70,23.40,1474.20,34.10,-8.90,-14.30,-19.70,-3.10,-2.50,-1.90,-0.70,9.10,9.90,23.10,23.90,1490.00,5.20,-5.60,-11.50,-17.40,-3.90,-3.20,-2.40,-1.10,8.50,9.70,22.70,23.60,1507.30,9.60,-0.30,-6.30,-12.20,1.00,0.40,-0.20,-0.40,21.70,20.20,29.10,23.90,1523.90,13.50,8.80,2.90,-3.00,8.70,7.70,6.20,4.60,26.40,21.10,34.40,25.20,1559.00,25.50,16.60,9.80,3.10,14.20,12.40,10.90,8.70,14.20,14.40,30.20,25.40,1618.40,28.90,20.20,13.90,7.50,16.70,15.10,13.30,11.20,16.80,12.40,27.80,25.10,1685.30,34.80,22.20,15.70,9.20,,,,,10.60,11.60,27.00,24.80,1727.00,16.50,21.30,14.50,7.70,12.50,12.70,12.50,12.00,16.70,11.50,26.30,24.70,1758.10,34.00,16.20,9.60,3.10,Gray Luvisols,597.15
19,2010,-5.00,-4.30,-3.30,-1.50,8.50,9.50,22.10,22.10,1850.90,11.00,-8.90,-14.30,-19.70,-4.20,-3.70,-2.90,-1.60,8.70,9.70,22.20,22.20,1866.70,1.30,-5.60,-11.50,-17.40,-1.60,-1.60,-1.60,-1.10,11.60,11.00,23.00,22.50,1884.00,11.20,-0.30,-6.30,-12.20,4.20,3.10,1.70,0.80,23.60,15.80,24.10,22.90,1900.60,8.30,8.80,2.90,-3.00,,,,,21.50,18.60,25.30,23.80,35.10,62.00,16.60,9.80,3.10,,,,,14.40,15.60,26.20,24.50,94.50,8.80,20.20,13.90,7.50,,,,,9.20,11.20,25.80,24.10,161.40,15.70,22.20,15.70,9.20,16.40,15.70,14.80,13.40,10.20,10.50,25.20,23.90,203.10,25.30,21.30,14.50,7.70,9.30,9.80,10.20,10.50,20.00,10.20,24.30,23.30,234.20,27.70,16.20,9.60,3.10,Gray Luvisols,582.26
19,2011,-4.10,-3.40,-2.50,-0.90,8.40,9.60,22.00,21.40,327.00,30.20,-8.90,-14.30,-19.70,-3.60,-2.90,-2.20,-0.90,8.70,9.80,22.10,21.40,342.80,14.20,-5.60,-11.50,-17.40,-3.90,-3.40,-2.80,-1.50,8.50,9.70,21.80,21.10,360.10,18.00,-0.30,-6.30,-12.20,0.90,0.40,-0.20,-0.30,32.30,24.40,31.60,21.60,376.70,7.90,8.80,2.90,-3.00,10.80,9.20,7.30,5.20,26.60,22.10,35.10,22.90,411.80,9.40,16.60,9.80,3.10,14.80,13.50,11.80,9.70,25.20,20.30,33.60,24.30,471.20,154.60,20.20,13.90,7.50,15.80,14.90,13.90,12.20,32.00,24.70,35.50,33.10,538.10,102.10,22.20,15.70,9.20,15.10,14.70,14.00,12.80,24.50,19.80,34.40,33.70,579.80,26.30,21.30,14.50,7.70,11.00,11.30,11.50,11.40,20.30,15.40,32.00,33.10,610.90,20.00,16.20,9.60,3.10,Gray Luvisols,632.57
19,2012,-5.20,-3.70,-2.00,-0.10,8.40,10.50,24.80,30.20,703.70,27.20,-8.90,-14.30,-19.70,-4.60,-3.60,-2.50,-0.90,8.10,10.20,23.80,25.60,720.00,6.30,-5.40,-11.30,-17.30,-2.80,-2.50,-2.10,-1.10,9.40,11.30,24.20,25.00,737.30,13.40,-0.30,-6.30,-12.20,2.00,1.00,-0.10,-0.60,28.60,22.80,27.40,26.10,753.90,44.20,8.80,2.90,-3.00,8.80,7.40,5.30,3.20,28.80,22.60,29.90,31.30,789.00,51.30,16.60,9.80,3.10,14.30,13.10,11.20,8.90,25.10,20.10,30.80,31.90,848.40,55.20,20.20,13.90,7.50,17.30,15.90,14.20,12.00,15.60,13.50,28.60,31.90,915.30,36.40,22.20,15.70,9.20,16.20,15.50,14.50,13.10,15.90,12.00,27.50,31.30,957.00,39.10,21.30,14.50,7.70,11.60,11.80,11.70,11.40,11.90,11.50,26.70,29.70,988.10,10.00,16.20,9.60,3.10,Gray Luvisols,576.20
19,2013,-1.60,-1.10,-0.50,0.80,12.80,12.40,24.50,27.30,1080.90,32.40,-8.90,-14.30,-19.70,-1.20,-0.90,-0.40,0.60,13.10,12.60,24.60,27.20,1096.70,6.20,-5.60,-11.50,-17.40,-1.30,-1.00,-0.50,0.40,13.00,12.50,24.60,27.20,1114.00,16.00,-0.30,-6.30,-12.20,-0.50,-0.50,-0.20,0.50,27.40,15.40,24.70,27.30,1130.60,16.50,8.80,2.90,-3.00,9.90,8.40,6.10,4.30,27.60,20.20,26.00,28.00,1165.70,28.20,16.60,9.80,3.10,14.40,13.30,11.50,9.30,31.90,22.60,27.10,28.90,1225.10,108.50,20.20,13.90,7.50,16.00,15.20,14.00,12.10,27.10,19.70,27.90,29.40,1292.00,60.60,22.20,15.70,9.20,16.10,15.60,14.60,13.20,20.30,16.70,28.20,29.60,1333.70,27.80,21.30,14.50,7.70,12.20,12.40,12.50,12.10,15.10,11.80,26.70,28.50,1364.80,16.70,16.20,9.60,3.10,Gray Luvisols,584.40
19,2014,-0.80,-0.10,0.50,1.50,17.80,11.40,24.40,26.50,1457.60,4.70,-8.90,-14.30,-19.70,-3.10,-2.00,-0.90,0.60,10.70,11.00,24.20,26.40,1473.40,15.00,-5.60,-11.50,-17.40,-2.70,-2.20,-1.50,-0.30,11.30,10.80,23.80,26.20,1490.70,7.10,-0.30,-6.30,-12.20,0.10,-0.20,-0.30,0.10,20.90,22.50,31.40,31.90,1507.30,33.60,8.80,2.90,-3.00,8.40,7.30,5.70,4.30,27.40,22.10,34.80,33.30,1542.40,22.40,16.60,9.80,3.10,13.30,12.00,10.40,8.60,21.80,18.70,33.90,33.10,1601.80,43.50,20.20,13.90,7.50,16.80,15.40,13.60,11.80,14.60,14.40,31.50,32.90,1668.70,22.80,22.20,15.70,9.20,16.20,15.50,14.30,13.00,10.70,12.40,28.20,31.00,1710.40,3.20,21.30,14.50,7.70,10.20,10.60,10.80,11.00,19.50,11.50,26.50,29.10,1741.50,42.90,16.20,9.60,3.10,Gray Luvisols,592.36
19,2015,-2.50,-2.10,-1.30,0.20,12.10,11.60,24.30,27.50,1834.30,19.30,-8.90,-14.30,-19.70,-4.20,-3.60,-2.30,-0.50,10.60,10.50,23.40,26.20,1850.10,17.80,-5.60,-11.50,-17.40,-1.90,-1.80,-1.50,-0.70,16.10,11.50,23.60,25.60,1867.40,30.50,-0.30,-6.30,-12.20,,,,,,,,,1884.00,24.10,8.80,2.90,-3.00,9.50,8.50,6.90,5.30,25.20,20.60,25.70,28.30,1919.10,27.20,16.60,9.80,3.10,14.80,13.30,11.40,9.40,15.30,13.00,26.40,28.30,59.40,37.70,20.20,13.90,7.50,16.70,15.50,13.90,12.00,15.90,11.50,26.10,27.20,126.30,33.70,22.20,15.70,9.20,14.80,14.40,13.50,12.40,17.70,12.60,25.90,27.00,168.00,48.10,21.30,14.50,7.70,9.40,9.90,10.20,10.50,22.60,12.80,25.30,26.30,199.10,43.80,16.20,9.60,3.10,Gray Luvisols,686.21